instrument,algorithm,scenario,preset,seed,sheep_model,dog_controller,obs_mode,n_sheep,n_shepherds,success,total_ticks,resolved_config,stubborn_fraction,sweep_label,factor_label,final_gcm_goal,final_success_rate,final_sheep_in_goal,time_to_goal,shepherd_path,final_min_separation,mean_cohesion,min_cohesion,max_cohesion,auc_cohesion,mean_gcm_goal,min_gcm_goal,max_gcm_goal,auc_gcm_goal,mean_polarization,min_polarization,max_polarization,auc_polarization,mean_fragmentation,min_fragmentation,max_fragmentation,auc_fragmentation,mean_outlier_count,min_outlier_count,max_outlier_count,auc_outlier_count,control_efficiency,first_success_tick
strombom,strombom,drive_to_goal,custom,1,strombom,collect_drive,global,20,1,True,129,"{'world_width': 150.0, 'world_height': 150.0, 'goal_center': [15.0, 15.0], 'goal_radius': 15.0, 'max_ticks': 400, 'measurement_radius': 5.0, 'n_sheep': 20, 'r_a': 2.0, 'r_s': 65.0, 'rs_weight': 1.0, 'n_neighbors': -1, 'c': 1.05, 'noise_strength': 0.3, 'sheep_speed': 1.0, 'inertia': 0.5, 'graze_move_prob': 0.05, 'collect_threshold_scale': 1.0, 'n_shepherds': 1, 'shepherd_speed': 1.5, 'shepherd_stop_multiple': 3.0, 'initial_spread': 30.0, 'shepherd_start_offset': 50.0, 'success_fraction': 1.0, 'sheep_model': 'strombom', 'dog_controller': 'collect_drive', 'scenario_id': 'drive_to_goal', 'obs_mode': 'global', 'observation_frequency': 1, 'noise_sigma': 0.0, 'communication': 'none', 'stubborn_fraction': 0, 'stubborn_rs_scale': 0.25, 'stubborn_response_scale': 0.25, 'cohesion_scale': 1.0, 'initial_layout': 'cluster', 'speed_scale': 1.0, 'failure_mode': 'none', 'failure_tick': -1, 'sensing_scale': 1.0, 'goal_mode': 'static', 'goal_velocity': [0.0, 0.0], 'latency': 0}",0.0,"n_sheep=20, n_shepherds=1, obs_mode=global, stubborn_fraction=0","n_sheep=20, n_shepherds=1, obs_mode=global, stubborn_fraction=0",10.283269052261637,1.0,20.0,129.0,163.82566983966296,1.0127776644486923,7.5364517352368,3.2206998788572734,23.10411872030615,7.5364517352368,49.57746394994525,10.283269052261637,85.04489376368404,49.57746394994525,0.6969111958524772,0.0,0.9835136501280337,0.6969111958524772,0.7407692307692308,0.1,1.0,0.7407692307692308,3.4384615384615387,0.0,18.0,3.4384615384615387,0.4563486588188041,129.0
strombom,strombom,drive_to_goal,custom,2,strombom,collect_drive,global,20,1,True,120,"{'world_width': 150.0, 'world_height': 150.0, 'goal_center': [15.0, 15.0], 'goal_radius': 15.0, 'max_ticks': 400, 'measurement_radius': 5.0, 'n_sheep': 20, 'r_a': 2.0, 'r_s': 65.0, 'rs_weight': 1.0, 'n_neighbors': -1, 'c': 1.05, 'noise_strength': 0.3, 'sheep_speed': 1.0, 'inertia': 0.5, 'graze_move_prob': 0.05, 'collect_threshold_scale': 1.0, 'n_shepherds': 1, 'shepherd_speed': 1.5, 'shepherd_stop_multiple': 3.0, 'initial_spread': 30.0, 'shepherd_start_offset': 50.0, 'success_fraction': 1.0, 'sheep_model': 'strombom', 'dog_controller': 'collect_drive', 'scenario_id': 'drive_to_goal', 'obs_mode': 'global', 'observation_frequency': 1, 'noise_sigma': 0.0, 'communication': 'none', 'stubborn_fraction': 0, 'stubborn_rs_scale': 0.25, 'stubborn_response_scale': 0.25, 'cohesion_scale': 1.0, 'initial_layout': 'cluster', 'speed_scale': 1.0, 'failure_mode': 'none', 'failure_tick': -1, 'sensing_scale': 1.0, 'goal_mode': 'static', 'goal_velocity': [0.0, 0.0], 'latency': 0}",0.0,"n_sheep=20, n_shepherds=1, obs_mode=global, stubborn_fraction=0","n_sheep=20, n_shepherds=1, obs_mode=global, stubborn_fraction=0",10.230157041470099,1.0,20.0,120.0,150.89341177585658,0.30729197499611677,6.929749528321611,3.0890410964467847,20.18455233315248,6.929749528321611,49.03273633772759,10.230157041470099,85.4702427263238,49.03273633772759,0.697350320984043,0.0,0.9692928814421371,0.697350320984043,0.7706611570247934,0.15,1.0,0.7706611570247934,2.9173553719008263,0.0,13.0,2.9173553719008263,0.49863068771099495,120.0
strombom,strombom,drive_to_goal,custom,3,strombom,collect_drive,global,20,1,True,153,"{'world_width': 150.0, 'world_height': 150.0, 'goal_center': [15.0, 15.0], 'goal_radius': 15.0, 'max_ticks': 400, 'measurement_radius': 5.0, 'n_sheep': 20, 'r_a': 2.0, 'r_s': 65.0, 'rs_weight': 1.0, 'n_neighbors': -1, 'c': 1.05, 'noise_strength': 0.3, 'sheep_speed': 1.0, 'inertia': 0.5, 'graze_move_prob': 0.05, 'collect_threshold_scale': 1.0, 'n_shepherds': 1, 'shepherd_speed': 1.5, 'shepherd_stop_multiple': 3.0, 'initial_spread': 30.0, 'shepherd_start_offset': 50.0, 'success_fraction': 1.0, 'sheep_model': 'strombom', 'dog_controller': 'collect_drive', 'scenario_id': 'drive_to_goal', 'obs_mode': 'global', 'observation_frequency': 1, 'noise_sigma': 0.0, 'communication': 'none', 'stubborn_fraction': 0, 'stubborn_rs_scale': 0.25, 'stubborn_response_scale': 0.25, 'cohesion_scale': 1.0, 'initial_layout': 'cluster', 'speed_scale': 1.0, 'failure_mode': 'none', 'failure_tick': -1, 'sensing_scale': 1.0, 'goal_mode': 'static', 'goal_velocity': [0.0, 0.0], 'latency': 0}",0.0,"n_sheep=20, n_shepherds=1, obs_mode=global, stubborn_fraction=0","n_sheep=20, n_shepherds=1, obs_mode=global, stubborn_fraction=0",9.79498799271103,1.0,20.0,153.0,191.18712446630514,0.4543272920695159,6.923510164353168,3.313104969768724,21.274165187124233,6.923510164353168,48.906768319995024,9.79498799271103,83.20675920480268,48.906768319995024,0.6752756816015034,0.0,0.998037560548821,0.6752756816015034,0.7883116883116883,0.1,1.0,0.7883116883116883,2.909090909090909,0.0,17.0,2.909090909090909,0.3839786356796729,153.0
strombom,strombom,drive_to_goal,custom,1,strombom,collect_drive,global,20,1,True,159,"{'world_width': 150.0, 'world_height': 150.0, 'goal_center': [15.0, 15.0], 'goal_radius': 15.0, 'max_ticks': 400, 'measurement_radius': 5.0, 'n_sheep': 20, 'r_a': 2.0, 'r_s': 65.0, 'rs_weight': 1.0, 'n_neighbors': -1, 'c': 1.05, 'noise_strength': 0.3, 'sheep_speed': 1.0, 'inertia': 0.5, 'graze_move_prob': 0.05, 'collect_threshold_scale': 1.0, 'n_shepherds': 1, 'shepherd_speed': 1.5, 'shepherd_stop_multiple': 3.0, 'initial_spread': 30.0, 'shepherd_start_offset': 50.0, 'success_fraction': 1.0, 'sheep_model': 'strombom', 'dog_controller': 'collect_drive', 'scenario_id': 'drive_to_goal', 'obs_mode': 'global', 'observation_frequency': 1, 'noise_sigma': 0.0, 'communication': 'none', 'stubborn_fraction': 0.5, 'stubborn_rs_scale': 0.25, 'stubborn_response_scale': 0.25, 'cohesion_scale': 1.0, 'initial_layout': 'cluster', 'speed_scale': 1.0, 'failure_mode': 'none', 'failure_tick': -1, 'sensing_scale': 1.0, 'goal_mode': 'static', 'goal_velocity': [0.0, 0.0], 'latency': 0}",0.5,"n_sheep=20, n_shepherds=1, obs_mode=global, stubborn_fraction=0.5","n_sheep=20, n_shepherds=1, obs_mode=global, stubborn_fraction=0.5",9.550551058605329,1.0,20.0,159.0,148.50000000000003,0.8737253903896408,6.92907848360027,3.7482184804372807,23.10411872030615,6.92907848360027,47.52789843819844,9.550551058605329,85.04489376368404,47.52789843819844,0.5368742173331842,0.0,0.9475221839278019,0.5368742173331842,0.791875,0.1,1.0,0.791875,2.5375,0.0,18.0,2.5375,0.508379412155412,159.0
strombom,strombom,drive_to_goal,custom,2,strombom,collect_drive,global,20,1,True,168,"{'world_width': 150.0, 'world_height': 150.0, 'goal_center': [15.0, 15.0], 'goal_radius': 15.0, 'max_ticks': 400, 'measurement_radius': 5.0, 'n_sheep': 20, 'r_a': 2.0, 'r_s': 65.0, 'rs_weight': 1.0, 'n_neighbors': -1, 'c': 1.05, 'noise_strength': 0.3, 'sheep_speed': 1.0, 'inertia': 0.5, 'graze_move_prob': 0.05, 'collect_threshold_scale': 1.0, 'n_shepherds': 1, 'shepherd_speed': 1.5, 'shepherd_stop_multiple': 3.0, 'initial_spread': 30.0, 'shepherd_start_offset': 50.0, 'success_fraction': 1.0, 'sheep_model': 'strombom', 'dog_controller': 'collect_drive', 'scenario_id': 'drive_to_goal', 'obs_mode': 'global', 'observation_frequency': 1, 'noise_sigma': 0.0, 'communication': 'none', 'stubborn_fraction': 0.5, 'stubborn_rs_scale': 0.25, 'stubborn_response_scale': 0.25, 'cohesion_scale': 1.0, 'initial_layout': 'cluster', 'speed_scale': 1.0, 'failure_mode': 'none', 'failure_tick': -1, 'sensing_scale': 1.0, 'goal_mode': 'static', 'goal_velocity': [0.0, 0.0], 'latency': 0}",0.5,"n_sheep=20, n_shepherds=1, obs_mode=global, stubborn_fraction=0.5","n_sheep=20, n_shepherds=1, obs_mode=global, stubborn_fraction=0.5",7.383690017028026,1.0,20.0,168.0,143.5914425539806,0.6475822346528525,6.174666845204137,3.665936373048344,20.18455233315248,6.174666845204137,46.37650908708128,7.383690017028026,85.4702427263238,46.37650908708128,0.5114924378209391,0.0,0.93610898774157,0.5114924378209391,0.8505917159763313,0.15,1.0,0.8505917159763313,1.8461538461538463,0.0,13.0,1.8461538461538463,0.5438106291044505,168.0
strombom,strombom,drive_to_goal,custom,3,strombom,collect_drive,global,20,1,True,166,"{'world_width': 150.0, 'world_height': 150.0, 'goal_center': [15.0, 15.0], 'goal_radius': 15.0, 'max_ticks': 400, 'measurement_radius': 5.0, 'n_sheep': 20, 'r_a': 2.0, 'r_s': 65.0, 'rs_weight': 1.0, 'n_neighbors': -1, 'c': 1.05, 'noise_strength': 0.3, 'sheep_speed': 1.0, 'inertia': 0.5, 'graze_move_prob': 0.05, 'collect_threshold_scale': 1.0, 'n_shepherds': 1, 'shepherd_speed': 1.5, 'shepherd_stop_multiple': 3.0, 'initial_spread': 30.0, 'shepherd_start_offset': 50.0, 'success_fraction': 1.0, 'sheep_model': 'strombom', 'dog_controller': 'collect_drive', 'scenario_id': 'drive_to_goal', 'obs_mode': 'global', 'observation_frequency': 1, 'noise_sigma': 0.0, 'communication': 'none', 'stubborn_fraction': 0.5, 'stubborn_rs_scale': 0.25, 'stubborn_response_scale': 0.25, 'cohesion_scale': 1.0, 'initial_layout': 'cluster', 'speed_scale': 1.0, 'failure_mode': 'none', 'failure_tick': -1, 'sensing_scale': 1.0, 'goal_mode': 'static', 'goal_velocity': [0.0, 0.0], 'latency': 0}",0.5,"n_sheep=20, n_shepherds=1, obs_mode=global, stubborn_fraction=0.5","n_sheep=20, n_shepherds=1, obs_mode=global, stubborn_fraction=0.5",6.941825560040027,1.0,20.0,166.0,169.50000000000003,0.6954606653224553,7.018602981593184,3.8131092022154247,21.274165187124233,7.018602981593184,47.507823780624065,6.941825560040027,83.20675920480268,47.507823780624065,0.5519829984084721,0.0,0.9742400727874425,0.5519829984084721,0.8152694610778444,0.1,1.0,0.8152694610778444,2.4491017964071857,0.0,17.0,2.4491017964071857,0.4499406114735259,166.0
strombom,strombom,drive_to_goal,custom,1,strombom,collect_drive,local_positions,20,1,True,125,"{'world_width': 150.0, 'world_height': 150.0, 'goal_center': [15.0, 15.0], 'goal_radius': 15.0, 'max_ticks': 400, 'measurement_radius': 5.0, 'n_sheep': 20, 'r_a': 2.0, 'r_s': 65.0, 'rs_weight': 1.0, 'n_neighbors': -1, 'c': 1.05, 'noise_strength': 0.3, 'sheep_speed': 1.0, 'inertia': 0.5, 'graze_move_prob': 0.05, 'collect_threshold_scale': 1.0, 'n_shepherds': 1, 'shepherd_speed': 1.5, 'shepherd_stop_multiple': 3.0, 'initial_spread': 30.0, 'shepherd_start_offset': 50.0, 'success_fraction': 1.0, 'sheep_model': 'strombom', 'dog_controller': 'collect_drive', 'scenario_id': 'drive_to_goal', 'obs_mode': 'local_positions', 'observation_frequency': 1, 'noise_sigma': 0.0, 'communication': 'none', 'stubborn_fraction': 0, 'stubborn_rs_scale': 0.25, 'stubborn_response_scale': 0.25, 'cohesion_scale': 1.0, 'initial_layout': 'cluster', 'speed_scale': 1.0, 'failure_mode': 'none', 'failure_tick': -1, 'sensing_scale': 1.0, 'goal_mode': 'static', 'goal_velocity': [0.0, 0.0], 'latency': 0}",0.0,"n_sheep=20, n_shepherds=1, obs_mode=local_positions, stubborn_fraction=0","n_sheep=20, n_shepherds=1, obs_mode=local_positions, stubborn_fraction=0",9.307888343298766,1.0,20.0,125.0,155.83138442115796,0.4434827873448951,7.636358685282443,3.165285907202503,23.10411872030615,7.636358685282443,48.835644201655995,9.307888343298766,85.04489376368404,48.835644201655995,0.6849968939210652,0.0,0.9835136501280337,0.6849968939210652,0.7357142857142858,0.1,1.0,0.7357142857142858,3.5714285714285716,0.0,18.0,3.5714285714285716,0.48601894734949236,125.0
strombom,strombom,drive_to_goal,custom,2,strombom,collect_drive,local_positions,20,1,True,122,"{'world_width': 150.0, 'world_height': 150.0, 'goal_center': [15.0, 15.0], 'goal_radius': 15.0, 'max_ticks': 400, 'measurement_radius': 5.0, 'n_sheep': 20, 'r_a': 2.0, 'r_s': 65.0, 'rs_weight': 1.0, 'n_neighbors': -1, 'c': 1.05, 'noise_strength': 0.3, 'sheep_speed': 1.0, 'inertia': 0.5, 'graze_move_prob': 0.05, 'collect_threshold_scale': 1.0, 'n_shepherds': 1, 'shepherd_speed': 1.5, 'shepherd_stop_multiple': 3.0, 'initial_spread': 30.0, 'shepherd_start_offset': 50.0, 'success_fraction': 1.0, 'sheep_model': 'strombom', 'dog_controller': 'collect_drive', 'scenario_id': 'drive_to_goal', 'obs_mode': 'local_positions', 'observation_frequency': 1, 'noise_sigma': 0.0, 'communication': 'none', 'stubborn_fraction': 0, 'stubborn_rs_scale': 0.25, 'stubborn_response_scale': 0.25, 'cohesion_scale': 1.0, 'initial_layout': 'cluster', 'speed_scale': 1.0, 'failure_mode': 'none', 'failure_tick': -1, 'sensing_scale': 1.0, 'goal_mode': 'static', 'goal_velocity': [0.0, 0.0], 'latency': 0}",0.0,"n_sheep=20, n_shepherds=1, obs_mode=local_positions, stubborn_fraction=0","n_sheep=20, n_shepherds=1, obs_mode=local_positions, stubborn_fraction=0",10.353394298273095,1.0,20.0,122.0,150.73380277078783,0.5980981702153246,6.775069619888046,3.1874596300106424,20.18455233315248,6.775069619888046,49.780018191648544,10.353394298273095,85.4702427263238,49.780018191648544,0.6901791159196846,0.0,0.9693606493783198,0.6901791159196846,0.7833333333333333,0.15,1.0,0.7833333333333333,2.7804878048780486,0.0,13.0,2.7804878048780486,0.4983410956749797,122.0
strombom,strombom,drive_to_goal,custom,3,strombom,collect_drive,local_positions,20,1,True,125,"{'world_width': 150.0, 'world_height': 150.0, 'goal_center': [15.0, 15.0], 'goal_radius': 15.0, 'max_ticks': 400, 'measurement_radius': 5.0, 'n_sheep': 20, 'r_a': 2.0, 'r_s': 65.0, 'rs_weight': 1.0, 'n_neighbors': -1, 'c': 1.05, 'noise_strength': 0.3, 'sheep_speed': 1.0, 'inertia': 0.5, 'graze_move_prob': 0.05, 'collect_threshold_scale': 1.0, 'n_shepherds': 1, 'shepherd_speed': 1.5, 'shepherd_stop_multiple': 3.0, 'initial_spread': 30.0, 'shepherd_start_offset': 50.0, 'success_fraction': 1.0, 'sheep_model': 'strombom', 'dog_controller': 'collect_drive', 'scenario_id': 'drive_to_goal', 'obs_mode': 'local_positions', 'observation_frequency': 1, 'noise_sigma': 0.0, 'communication': 'none', 'stubborn_fraction': 0, 'stubborn_rs_scale': 0.25, 'stubborn_response_scale': 0.25, 'cohesion_scale': 1.0, 'initial_layout': 'cluster', 'speed_scale': 1.0, 'failure_mode': 'none', 'failure_tick': -1, 'sensing_scale': 1.0, 'goal_mode': 'static', 'goal_velocity': [0.0, 0.0], 'latency': 0}",0.0,"n_sheep=20, n_shepherds=1, obs_mode=local_positions, stubborn_fraction=0","n_sheep=20, n_shepherds=1, obs_mode=local_positions, stubborn_fraction=0",10.208098113135174,1.0,20.0,125.0,161.58862471784542,0.8733259696596051,7.462123424659617,3.065747787956238,21.274165187124233,7.462123424659617,49.22023630458975,10.208098113135174,83.20675920480268,49.22023630458975,0.6792118660720327,0.0,0.998037560548821,0.6792118660720327,0.7527777777777778,0.1,1.0,0.7527777777777778,3.373015873015873,0.0,17.0,3.373015873015873,0.45175618778322163,125.0
strombom,strombom,drive_to_goal,custom,1,strombom,collect_drive,local_positions,20,1,True,158,"{'world_width': 150.0, 'world_height': 150.0, 'goal_center': [15.0, 15.0], 'goal_radius': 15.0, 'max_ticks': 400, 'measurement_radius': 5.0, 'n_sheep': 20, 'r_a': 2.0, 'r_s': 65.0, 'rs_weight': 1.0, 'n_neighbors': -1, 'c': 1.05, 'noise_strength': 0.3, 'sheep_speed': 1.0, 'inertia': 0.5, 'graze_move_prob': 0.05, 'collect_threshold_scale': 1.0, 'n_shepherds': 1, 'shepherd_speed': 1.5, 'shepherd_stop_multiple': 3.0, 'initial_spread': 30.0, 'shepherd_start_offset': 50.0, 'success_fraction': 1.0, 'sheep_model': 'strombom', 'dog_controller': 'collect_drive', 'scenario_id': 'drive_to_goal', 'obs_mode': 'local_positions', 'observation_frequency': 1, 'noise_sigma': 0.0, 'communication': 'none', 'stubborn_fraction': 0.5, 'stubborn_rs_scale': 0.25, 'stubborn_response_scale': 0.25, 'cohesion_scale': 1.0, 'initial_layout': 'cluster', 'speed_scale': 1.0, 'failure_mode': 'none', 'failure_tick': -1, 'sensing_scale': 1.0, 'goal_mode': 'static', 'goal_velocity': [0.0, 0.0], 'latency': 0}",0.5,"n_sheep=20, n_shepherds=1, obs_mode=local_positions, stubborn_fraction=0.5","n_sheep=20, n_shepherds=1, obs_mode=local_positions, stubborn_fraction=0.5",9.069244591564043,1.0,20.0,158.0,147.0,0.6927846495829644,6.887959699591211,3.611759407854872,23.10411872030615,6.887959699591211,47.70662170353276,9.069244591564043,85.04489376368404,47.70662170353276,0.5380853636811153,0.0,0.9475221839278019,0.5380853636811153,0.8050314465408805,0.1,1.0,0.8050314465408805,2.69811320754717,0.0,18.0,2.69811320754717,0.5168411508307483,158.0
strombom,strombom,drive_to_goal,custom,2,strombom,collect_drive,local_positions,20,1,True,164,"{'world_width': 150.0, 'world_height': 150.0, 'goal_center': [15.0, 15.0], 'goal_radius': 15.0, 'max_ticks': 400, 'measurement_radius': 5.0, 'n_sheep': 20, 'r_a': 2.0, 'r_s': 65.0, 'rs_weight': 1.0, 'n_neighbors': -1, 'c': 1.05, 'noise_strength': 0.3, 'sheep_speed': 1.0, 'inertia': 0.5, 'graze_move_prob': 0.05, 'collect_threshold_scale': 1.0, 'n_shepherds': 1, 'shepherd_speed': 1.5, 'shepherd_stop_multiple': 3.0, 'initial_spread': 30.0, 'shepherd_start_offset': 50.0, 'success_fraction': 1.0, 'sheep_model': 'strombom', 'dog_controller': 'collect_drive', 'scenario_id': 'drive_to_goal', 'obs_mode': 'local_positions', 'observation_frequency': 1, 'noise_sigma': 0.0, 'communication': 'none', 'stubborn_fraction': 0.5, 'stubborn_rs_scale': 0.25, 'stubborn_response_scale': 0.25, 'cohesion_scale': 1.0, 'initial_layout': 'cluster', 'speed_scale': 1.0, 'failure_mode': 'none', 'failure_tick': -1, 'sensing_scale': 1.0, 'goal_mode': 'static', 'goal_velocity': [0.0, 0.0], 'latency': 0}",0.5,"n_sheep=20, n_shepherds=1, obs_mode=local_positions, stubborn_fraction=0.5","n_sheep=20, n_shepherds=1, obs_mode=local_positions, stubborn_fraction=0.5",8.85075877887605,1.0,20.0,164.0,147.0,0.6173358464366552,6.247322767725454,3.5619266090599657,20.18455233315248,6.247322767725454,48.00430700876143,8.85075877887605,85.4702427263238,48.00430700876143,0.5183378347933758,0.0,0.9366522000614683,0.5183378347933758,0.8384848484848486,0.15,1.0,0.8384848484848486,1.9212121212121211,0.0,13.0,1.9212121212121211,0.5212209792343384,164.0
strombom,strombom,drive_to_goal,custom,3,strombom,collect_drive,local_positions,20,1,True,158,"{'world_width': 150.0, 'world_height': 150.0, 'goal_center': [15.0, 15.0], 'goal_radius': 15.0, 'max_ticks': 400, 'measurement_radius': 5.0, 'n_sheep': 20, 'r_a': 2.0, 'r_s': 65.0, 'rs_weight': 1.0, 'n_neighbors': -1, 'c': 1.05, 'noise_strength': 0.3, 'sheep_speed': 1.0, 'inertia': 0.5, 'graze_move_prob': 0.05, 'collect_threshold_scale': 1.0, 'n_shepherds': 1, 'shepherd_speed': 1.5, 'shepherd_stop_multiple': 3.0, 'initial_spread': 30.0, 'shepherd_start_offset': 50.0, 'success_fraction': 1.0, 'sheep_model': 'strombom', 'dog_controller': 'collect_drive', 'scenario_id': 'drive_to_goal', 'obs_mode': 'local_positions', 'observation_frequency': 1, 'noise_sigma': 0.0, 'communication': 'none', 'stubborn_fraction': 0.5, 'stubborn_rs_scale': 0.25, 'stubborn_response_scale': 0.25, 'cohesion_scale': 1.0, 'initial_layout': 'cluster', 'speed_scale': 1.0, 'failure_mode': 'none', 'failure_tick': -1, 'sensing_scale': 1.0, 'goal_mode': 'static', 'goal_velocity': [0.0, 0.0], 'latency': 0}",0.5,"n_sheep=20, n_shepherds=1, obs_mode=local_positions, stubborn_fraction=0.5","n_sheep=20, n_shepherds=1, obs_mode=local_positions, stubborn_fraction=0.5",8.671731462129463,1.0,20.0,158.0,157.5,0.6099920353616552,6.978670475246549,3.7919540692483573,21.274165187124233,6.978670475246549,47.41918144716041,8.671731462129463,83.20675920480268,47.41918144716041,0.5442182303770012,0.0,0.9727491229856172,0.5442182303770012,0.808805031446541,0.1,1.0,0.808805031446541,2.5157232704402515,0.0,17.0,2.5157232704402515,0.4732382713820522,158.0
strombom,strombom,drive_to_goal,custom,1,strombom,collect_drive,global,20,2,True,119,"{'world_width': 150.0, 'world_height': 150.0, 'goal_center': [15.0, 15.0], 'goal_radius': 15.0, 'max_ticks': 400, 'measurement_radius': 5.0, 'n_sheep': 20, 'r_a': 2.0, 'r_s': 65.0, 'rs_weight': 1.0, 'n_neighbors': -1, 'c': 1.05, 'noise_strength': 0.3, 'sheep_speed': 1.0, 'inertia': 0.5, 'graze_move_prob': 0.05, 'collect_threshold_scale': 1.0, 'n_shepherds': 2, 'shepherd_speed': 1.5, 'shepherd_stop_multiple': 3.0, 'initial_spread': 30.0, 'shepherd_start_offset': 50.0, 'success_fraction': 1.0, 'sheep_model': 'strombom', 'dog_controller': 'collect_drive', 'scenario_id': 'drive_to_goal', 'obs_mode': 'global', 'observation_frequency': 1, 'noise_sigma': 0.0, 'communication': 'none', 'stubborn_fraction': 0, 'stubborn_rs_scale': 0.25, 'stubborn_response_scale': 0.25, 'cohesion_scale': 1.0, 'initial_layout': 'cluster', 'speed_scale': 1.0, 'failure_mode': 'none', 'failure_tick': -1, 'sensing_scale': 1.0, 'goal_mode': 'static', 'goal_velocity': [0.0, 0.0], 'latency': 0}",0.0,"n_sheep=20, n_shepherds=2, obs_mode=global, stubborn_fraction=0","n_sheep=20, n_shepherds=2, obs_mode=global, stubborn_fraction=0",11.292907103341943,1.0,20.0,119.0,298.4071072309918,0.35436440862428414,7.546800787797614,3.2616771326722,23.10411872030615,7.546800787797614,49.52997422713121,11.292907103341943,85.04489376368404,49.52997422713121,0.6900105275816701,0.0,0.9764774750367617,0.6900105275816701,0.7375,0.1,1.0,0.7375,3.45,0.0,18.0,3.45,0.24715224561743415,119.0
strombom,strombom,drive_to_goal,custom,2,strombom,collect_drive,global,20,2,True,125,"{'world_width': 150.0, 'world_height': 150.0, 'goal_center': [15.0, 15.0], 'goal_radius': 15.0, 'max_ticks': 400, 'measurement_radius': 5.0, 'n_sheep': 20, 'r_a': 2.0, 'r_s': 65.0, 'rs_weight': 1.0, 'n_neighbors': -1, 'c': 1.05, 'noise_strength': 0.3, 'sheep_speed': 1.0, 'inertia': 0.5, 'graze_move_prob': 0.05, 'collect_threshold_scale': 1.0, 'n_shepherds': 2, 'shepherd_speed': 1.5, 'shepherd_stop_multiple': 3.0, 'initial_spread': 30.0, 'shepherd_start_offset': 50.0, 'success_fraction': 1.0, 'sheep_model': 'strombom', 'dog_controller': 'collect_drive', 'scenario_id': 'drive_to_goal', 'obs_mode': 'global', 'observation_frequency': 1, 'noise_sigma': 0.0, 'communication': 'none', 'stubborn_fraction': 0, 'stubborn_rs_scale': 0.25, 'stubborn_response_scale': 0.25, 'cohesion_scale': 1.0, 'initial_layout': 'cluster', 'speed_scale': 1.0, 'failure_mode': 'none', 'failure_tick': -1, 'sensing_scale': 1.0, 'goal_mode': 'static', 'goal_velocity': [0.0, 0.0], 'latency': 0}",0.0,"n_sheep=20, n_shepherds=2, obs_mode=global, stubborn_fraction=0","n_sheep=20, n_shepherds=2, obs_mode=global, stubborn_fraction=0",9.871182949236266,1.0,20.0,125.0,304.1050738293822,0.9080143778250276,6.624928196634641,3.0721559099029476,20.18455233315248,6.624928196634641,48.8990595823174,9.871182949236266,85.4702427263238,48.8990595823174,0.6839142852158154,0.0,0.9712036177001392,0.6839142852158154,0.790873015873016,0.15,1.0,0.790873015873016,2.6507936507936507,0.0,13.0,2.6507936507936507,0.248595193842449,125.0
strombom,strombom,drive_to_goal,custom,3,strombom,collect_drive,global,20,2,True,158,"{'world_width': 150.0, 'world_height': 150.0, 'goal_center': [15.0, 15.0], 'goal_radius': 15.0, 'max_ticks': 400, 'measurement_radius': 5.0, 'n_sheep': 20, 'r_a': 2.0, 'r_s': 65.0, 'rs_weight': 1.0, 'n_neighbors': -1, 'c': 1.05, 'noise_strength': 0.3, 'sheep_speed': 1.0, 'inertia': 0.5, 'graze_move_prob': 0.05, 'collect_threshold_scale': 1.0, 'n_shepherds': 2, 'shepherd_speed': 1.5, 'shepherd_stop_multiple': 3.0, 'initial_spread': 30.0, 'shepherd_start_offset': 50.0, 'success_fraction': 1.0, 'sheep_model': 'strombom', 'dog_controller': 'collect_drive', 'scenario_id': 'drive_to_goal', 'obs_mode': 'global', 'observation_frequency': 1, 'noise_sigma': 0.0, 'communication': 'none', 'stubborn_fraction': 0, 'stubborn_rs_scale': 0.25, 'stubborn_response_scale': 0.25, 'cohesion_scale': 1.0, 'initial_layout': 'cluster', 'speed_scale': 1.0, 'failure_mode': 'none', 'failure_tick': -1, 'sensing_scale': 1.0, 'goal_mode': 'static', 'goal_velocity': [0.0, 0.0], 'latency': 0}",0.0,"n_sheep=20, n_shepherds=2, obs_mode=global, stubborn_fraction=0","n_sheep=20, n_shepherds=2, obs_mode=global, stubborn_fraction=0",9.670395270616325,1.0,20.0,158.0,392.41859444938143,0.6299526817401304,6.758512864965545,3.3214698209093414,21.274165187124233,6.758512864965545,49.48365893441414,9.670395270616325,83.20675920480268,49.48365893441414,0.6808525671420048,0.0,0.994200897803674,0.6808525671420048,0.7918238993710692,0.1,1.0,0.7918238993710692,2.8176100628930816,0.0,17.0,2.8176100628930816,0.1873926592020142,158.0
strombom,strombom,drive_to_goal,custom,1,strombom,collect_drive,global,20,2,True,160,"{'world_width': 150.0, 'world_height': 150.0, 'goal_center': [15.0, 15.0], 'goal_radius': 15.0, 'max_ticks': 400, 'measurement_radius': 5.0, 'n_sheep': 20, 'r_a': 2.0, 'r_s': 65.0, 'rs_weight': 1.0, 'n_neighbors': -1, 'c': 1.05, 'noise_strength': 0.3, 'sheep_speed': 1.0, 'inertia': 0.5, 'graze_move_prob': 0.05, 'collect_threshold_scale': 1.0, 'n_shepherds': 2, 'shepherd_speed': 1.5, 'shepherd_stop_multiple': 3.0, 'initial_spread': 30.0, 'shepherd_start_offset': 50.0, 'success_fraction': 1.0, 'sheep_model': 'strombom', 'dog_controller': 'collect_drive', 'scenario_id': 'drive_to_goal', 'obs_mode': 'global', 'observation_frequency': 1, 'noise_sigma': 0.0, 'communication': 'none', 'stubborn_fraction': 0.5, 'stubborn_rs_scale': 0.25, 'stubborn_response_scale': 0.25, 'cohesion_scale': 1.0, 'initial_layout': 'cluster', 'speed_scale': 1.0, 'failure_mode': 'none', 'failure_tick': -1, 'sensing_scale': 1.0, 'goal_mode': 'static', 'goal_velocity': [0.0, 0.0], 'latency': 0}",0.5,"n_sheep=20, n_shepherds=2, obs_mode=global, stubborn_fraction=0.5","n_sheep=20, n_shepherds=2, obs_mode=global, stubborn_fraction=0.5",7.343463453145367,1.0,20.0,160.0,291.0,0.7181138726120684,6.712573484204174,3.8408465969856302,23.10411872030615,6.712573484204174,47.06259352588842,7.343463453145367,85.04489376368404,47.06259352588842,0.5357477979494533,0.0,0.9555223907114406,0.5357477979494533,0.8192546583850931,0.1,1.0,0.8192546583850931,2.329192546583851,0.0,18.0,2.329192546583851,0.2670152244348408,160.0
strombom,strombom,drive_to_goal,custom,2,strombom,collect_drive,global,20,2,True,156,"{'world_width': 150.0, 'world_height': 150.0, 'goal_center': [15.0, 15.0], 'goal_radius': 15.0, 'max_ticks': 400, 'measurement_radius': 5.0, 'n_sheep': 20, 'r_a': 2.0, 'r_s': 65.0, 'rs_weight': 1.0, 'n_neighbors': -1, 'c': 1.05, 'noise_strength': 0.3, 'sheep_speed': 1.0, 'inertia': 0.5, 'graze_move_prob': 0.05, 'collect_threshold_scale': 1.0, 'n_shepherds': 2, 'shepherd_speed': 1.5, 'shepherd_stop_multiple': 3.0, 'initial_spread': 30.0, 'shepherd_start_offset': 50.0, 'success_fraction': 1.0, 'sheep_model': 'strombom', 'dog_controller': 'collect_drive', 'scenario_id': 'drive_to_goal', 'obs_mode': 'global', 'observation_frequency': 1, 'noise_sigma': 0.0, 'communication': 'none', 'stubborn_fraction': 0.5, 'stubborn_rs_scale': 0.25, 'stubborn_response_scale': 0.25, 'cohesion_scale': 1.0, 'initial_layout': 'cluster', 'speed_scale': 1.0, 'failure_mode': 'none', 'failure_tick': -1, 'sensing_scale': 1.0, 'goal_mode': 'static', 'goal_velocity': [0.0, 0.0], 'latency': 0}",0.5,"n_sheep=20, n_shepherds=2, obs_mode=global, stubborn_fraction=0.5","n_sheep=20, n_shepherds=2, obs_mode=global, stubborn_fraction=0.5",9.60679192310628,1.0,20.0,156.0,286.5,0.7616500699252461,6.196601660608323,3.5887222639969516,20.18455233315248,6.196601660608323,47.77086609256864,9.60679192310628,85.4702427263238,47.77086609256864,0.53845615365235,0.0,0.9535189619603942,0.53845615365235,0.8538216560509555,0.15,1.0,0.8538216560509555,1.8598726114649682,0.0,13.0,1.8598726114649682,0.26479389460110825,156.0
strombom,strombom,drive_to_goal,custom,3,strombom,collect_drive,global,20,2,True,169,"{'world_width': 150.0, 'world_height': 150.0, 'goal_center': [15.0, 15.0], 'goal_radius': 15.0, 'max_ticks': 400, 'measurement_radius': 5.0, 'n_sheep': 20, 'r_a': 2.0, 'r_s': 65.0, 'rs_weight': 1.0, 'n_neighbors': -1, 'c': 1.05, 'noise_strength': 0.3, 'sheep_speed': 1.0, 'inertia': 0.5, 'graze_move_prob': 0.05, 'collect_threshold_scale': 1.0, 'n_shepherds': 2, 'shepherd_speed': 1.5, 'shepherd_stop_multiple': 3.0, 'initial_spread': 30.0, 'shepherd_start_offset': 50.0, 'success_fraction': 1.0, 'sheep_model': 'strombom', 'dog_controller': 'collect_drive', 'scenario_id': 'drive_to_goal', 'obs_mode': 'global', 'observation_frequency': 1, 'noise_sigma': 0.0, 'communication': 'none', 'stubborn_fraction': 0.5, 'stubborn_rs_scale': 0.25, 'stubborn_response_scale': 0.25, 'cohesion_scale': 1.0, 'initial_layout': 'cluster', 'speed_scale': 1.0, 'failure_mode': 'none', 'failure_tick': -1, 'sensing_scale': 1.0, 'goal_mode': 'static', 'goal_velocity': [0.0, 0.0], 'latency': 0}",0.5,"n_sheep=20, n_shepherds=2, obs_mode=global, stubborn_fraction=0.5","n_sheep=20, n_shepherds=2, obs_mode=global, stubborn_fraction=0.5",8.833025230965653,1.0,20.0,169.0,318.00000000000006,0.9028089048064418,6.662783554104535,3.584571833275093,21.274165187124233,6.662783554104535,47.56459738480688,8.833025230965653,83.20675920480268,47.56459738480688,0.5299790807439114,0.0,0.9579190511472387,0.5299790807439114,0.8197058823529413,0.1,1.0,0.8197058823529413,2.3529411764705883,0.0,17.0,2.3529411764705883,0.23387966658439316,169.0
strombom,strombom,drive_to_goal,custom,1,strombom,collect_drive,local_positions,20,2,True,120,"{'world_width': 150.0, 'world_height': 150.0, 'goal_center': [15.0, 15.0], 'goal_radius': 15.0, 'max_ticks': 400, 'measurement_radius': 5.0, 'n_sheep': 20, 'r_a': 2.0, 'r_s': 65.0, 'rs_weight': 1.0, 'n_neighbors': -1, 'c': 1.05, 'noise_strength': 0.3, 'sheep_speed': 1.0, 'inertia': 0.5, 'graze_move_prob': 0.05, 'collect_threshold_scale': 1.0, 'n_shepherds': 2, 'shepherd_speed': 1.5, 'shepherd_stop_multiple': 3.0, 'initial_spread': 30.0, 'shepherd_start_offset': 50.0, 'success_fraction': 1.0, 'sheep_model': 'strombom', 'dog_controller': 'collect_drive', 'scenario_id': 'drive_to_goal', 'obs_mode': 'local_positions', 'observation_frequency': 1, 'noise_sigma': 0.0, 'communication': 'none', 'stubborn_fraction': 0, 'stubborn_rs_scale': 0.25, 'stubborn_response_scale': 0.25, 'cohesion_scale': 1.0, 'initial_layout': 'cluster', 'speed_scale': 1.0, 'failure_mode': 'none', 'failure_tick': -1, 'sensing_scale': 1.0, 'goal_mode': 'static', 'goal_velocity': [0.0, 0.0], 'latency': 0}",0.0,"n_sheep=20, n_shepherds=2, obs_mode=local_positions, stubborn_fraction=0","n_sheep=20, n_shepherds=2, obs_mode=local_positions, stubborn_fraction=0",10.588770182614658,1.0,20.0,120.0,296.4813369667604,0.3165224551283976,7.5514440304710275,3.005906308845289,23.10411872030615,7.5514440304710275,48.99436092022031,10.588770182614658,85.04489376368404,48.99436092022031,0.6827935753309902,0.0,0.9764774750367617,0.6827935753309902,0.7318181818181818,0.1,1.0,0.7318181818181818,3.644628099173554,0.0,18.0,3.644628099173554,0.251132581709239,120.0
strombom,strombom,drive_to_goal,custom,2,strombom,collect_drive,local_positions,20,2,True,123,"{'world_width': 150.0, 'world_height': 150.0, 'goal_center': [15.0, 15.0], 'goal_radius': 15.0, 'max_ticks': 400, 'measurement_radius': 5.0, 'n_sheep': 20, 'r_a': 2.0, 'r_s': 65.0, 'rs_weight': 1.0, 'n_neighbors': -1, 'c': 1.05, 'noise_strength': 0.3, 'sheep_speed': 1.0, 'inertia': 0.5, 'graze_move_prob': 0.05, 'collect_threshold_scale': 1.0, 'n_shepherds': 2, 'shepherd_speed': 1.5, 'shepherd_stop_multiple': 3.0, 'initial_spread': 30.0, 'shepherd_start_offset': 50.0, 'success_fraction': 1.0, 'sheep_model': 'strombom', 'dog_controller': 'collect_drive', 'scenario_id': 'drive_to_goal', 'obs_mode': 'local_positions', 'observation_frequency': 1, 'noise_sigma': 0.0, 'communication': 'none', 'stubborn_fraction': 0, 'stubborn_rs_scale': 0.25, 'stubborn_response_scale': 0.25, 'cohesion_scale': 1.0, 'initial_layout': 'cluster', 'speed_scale': 1.0, 'failure_mode': 'none', 'failure_tick': -1, 'sensing_scale': 1.0, 'goal_mode': 'static', 'goal_velocity': [0.0, 0.0], 'latency': 0}",0.0,"n_sheep=20, n_shepherds=2, obs_mode=local_positions, stubborn_fraction=0","n_sheep=20, n_shepherds=2, obs_mode=local_positions, stubborn_fraction=0",10.763768360453852,1.0,20.0,123.0,304.65571900134483,0.7354610125347726,6.711902383099351,2.9885908158041,20.18455233315248,6.711902383099351,49.832425101281004,10.763768360453852,85.4702427263238,49.832425101281004,0.6832319410929449,0.0,0.9712036177001392,0.6832319410929449,0.7798387096774193,0.15,1.0,0.7798387096774193,2.7096774193548385,0.0,13.0,2.7096774193548385,0.24521605768884377,123.0
strombom,strombom,drive_to_goal,custom,3,strombom,collect_drive,local_positions,20,2,True,126,"{'world_width': 150.0, 'world_height': 150.0, 'goal_center': [15.0, 15.0], 'goal_radius': 15.0, 'max_ticks': 400, 'measurement_radius': 5.0, 'n_sheep': 20, 'r_a': 2.0, 'r_s': 65.0, 'rs_weight': 1.0, 'n_neighbors': -1, 'c': 1.05, 'noise_strength': 0.3, 'sheep_speed': 1.0, 'inertia': 0.5, 'graze_move_prob': 0.05, 'collect_threshold_scale': 1.0, 'n_shepherds': 2, 'shepherd_speed': 1.5, 'shepherd_stop_multiple': 3.0, 'initial_spread': 30.0, 'shepherd_start_offset': 50.0, 'success_fraction': 1.0, 'sheep_model': 'strombom', 'dog_controller': 'collect_drive', 'scenario_id': 'drive_to_goal', 'obs_mode': 'local_positions', 'observation_frequency': 1, 'noise_sigma': 0.0, 'communication': 'none', 'stubborn_fraction': 0, 'stubborn_rs_scale': 0.25, 'stubborn_response_scale': 0.25, 'cohesion_scale': 1.0, 'initial_layout': 'cluster', 'speed_scale': 1.0, 'failure_mode': 'none', 'failure_tick': -1, 'sensing_scale': 1.0, 'goal_mode': 'static', 'goal_velocity': [0.0, 0.0], 'latency': 0}",0.0,"n_sheep=20, n_shepherds=2, obs_mode=local_positions, stubborn_fraction=0","n_sheep=20, n_shepherds=2, obs_mode=local_positions, stubborn_fraction=0",10.451630544520885,1.0,20.0,126.0,342.1773049963769,0.7934993209183979,7.526028993360738,3.2005262407700803,21.274165187124233,7.526028993360738,48.847550072239684,10.451630544520885,83.20675920480268,48.847550072239684,0.6945714156510043,0.0,0.994200897803674,0.6945714156510043,0.7440944881889764,0.1,1.0,0.7440944881889764,3.3149606299212597,0.0,17.0,3.3149606299212597,0.21262406243176227,126.0
strombom,strombom,drive_to_goal,custom,1,strombom,collect_drive,local_positions,20,2,True,160,"{'world_width': 150.0, 'world_height': 150.0, 'goal_center': [15.0, 15.0], 'goal_radius': 15.0, 'max_ticks': 400, 'measurement_radius': 5.0, 'n_sheep': 20, 'r_a': 2.0, 'r_s': 65.0, 'rs_weight': 1.0, 'n_neighbors': -1, 'c': 1.05, 'noise_strength': 0.3, 'sheep_speed': 1.0, 'inertia': 0.5, 'graze_move_prob': 0.05, 'collect_threshold_scale': 1.0, 'n_shepherds': 2, 'shepherd_speed': 1.5, 'shepherd_stop_multiple': 3.0, 'initial_spread': 30.0, 'shepherd_start_offset': 50.0, 'success_fraction': 1.0, 'sheep_model': 'strombom', 'dog_controller': 'collect_drive', 'scenario_id': 'drive_to_goal', 'obs_mode': 'local_positions', 'observation_frequency': 1, 'noise_sigma': 0.0, 'communication': 'none', 'stubborn_fraction': 0.5, 'stubborn_rs_scale': 0.25, 'stubborn_response_scale': 0.25, 'cohesion_scale': 1.0, 'initial_layout': 'cluster', 'speed_scale': 1.0, 'failure_mode': 'none', 'failure_tick': -1, 'sensing_scale': 1.0, 'goal_mode': 'static', 'goal_velocity': [0.0, 0.0], 'latency': 0}",0.5,"n_sheep=20, n_shepherds=2, obs_mode=local_positions, stubborn_fraction=0.5","n_sheep=20, n_shepherds=2, obs_mode=local_positions, stubborn_fraction=0.5",7.393048714298395,1.0,20.0,160.0,291.0,0.9522206397876105,6.87299183352353,4.001725259986837,23.10411872030615,6.87299183352353,47.52143574235512,7.393048714298395,85.04489376368404,47.52143574235512,0.530759433262669,0.0,0.9560050654274637,0.530759433262669,0.8111801242236026,0.1,1.0,0.8111801242236026,2.5652173913043477,0.0,18.0,2.5652173913043477,0.26684482834840434,160.0
strombom,strombom,drive_to_goal,custom,2,strombom,collect_drive,local_positions,20,2,True,163,"{'world_width': 150.0, 'world_height': 150.0, 'goal_center': [15.0, 15.0], 'goal_radius': 15.0, 'max_ticks': 400, 'measurement_radius': 5.0, 'n_sheep': 20, 'r_a': 2.0, 'r_s': 65.0, 'rs_weight': 1.0, 'n_neighbors': -1, 'c': 1.05, 'noise_strength': 0.3, 'sheep_speed': 1.0, 'inertia': 0.5, 'graze_move_prob': 0.05, 'collect_threshold_scale': 1.0, 'n_shepherds': 2, 'shepherd_speed': 1.5, 'shepherd_stop_multiple': 3.0, 'initial_spread': 30.0, 'shepherd_start_offset': 50.0, 'success_fraction': 1.0, 'sheep_model': 'strombom', 'dog_controller': 'collect_drive', 'scenario_id': 'drive_to_goal', 'obs_mode': 'local_positions', 'observation_frequency': 1, 'noise_sigma': 0.0, 'communication': 'none', 'stubborn_fraction': 0.5, 'stubborn_rs_scale': 0.25, 'stubborn_response_scale': 0.25, 'cohesion_scale': 1.0, 'initial_layout': 'cluster', 'speed_scale': 1.0, 'failure_mode': 'none', 'failure_tick': -1, 'sensing_scale': 1.0, 'goal_mode': 'static', 'goal_velocity': [0.0, 0.0], 'latency': 0}",0.5,"n_sheep=20, n_shepherds=2, obs_mode=local_positions, stubborn_fraction=0.5","n_sheep=20, n_shepherds=2, obs_mode=local_positions, stubborn_fraction=0.5",9.38751372938474,1.0,20.0,163.0,289.5,1.2063540704413478,6.2063899931467,3.7312472319999466,20.18455233315248,6.2063899931467,47.10408412706105,9.38751372938474,85.4702427263238,47.10408412706105,0.5201049471376407,0.0,0.9535273160186238,0.5201049471376407,0.8493902439024391,0.15,1.0,0.8493902439024391,1.9695121951219512,0.0,13.0,1.9695121951219512,0.26280735404814876,163.0
strombom,strombom,drive_to_goal,custom,3,strombom,collect_drive,local_positions,20,2,True,151,"{'world_width': 150.0, 'world_height': 150.0, 'goal_center': [15.0, 15.0], 'goal_radius': 15.0, 'max_ticks': 400, 'measurement_radius': 5.0, 'n_sheep': 20, 'r_a': 2.0, 'r_s': 65.0, 'rs_weight': 1.0, 'n_neighbors': -1, 'c': 1.05, 'noise_strength': 0.3, 'sheep_speed': 1.0, 'inertia': 0.5, 'graze_move_prob': 0.05, 'collect_threshold_scale': 1.0, 'n_shepherds': 2, 'shepherd_speed': 1.5, 'shepherd_stop_multiple': 3.0, 'initial_spread': 30.0, 'shepherd_start_offset': 50.0, 'success_fraction': 1.0, 'sheep_model': 'strombom', 'dog_controller': 'collect_drive', 'scenario_id': 'drive_to_goal', 'obs_mode': 'local_positions', 'observation_frequency': 1, 'noise_sigma': 0.0, 'communication': 'none', 'stubborn_fraction': 0.5, 'stubborn_rs_scale': 0.25, 'stubborn_response_scale': 0.25, 'cohesion_scale': 1.0, 'initial_layout': 'cluster', 'speed_scale': 1.0, 'failure_mode': 'none', 'failure_tick': -1, 'sensing_scale': 1.0, 'goal_mode': 'static', 'goal_velocity': [0.0, 0.0], 'latency': 0}",0.5,"n_sheep=20, n_shepherds=2, obs_mode=local_positions, stubborn_fraction=0.5","n_sheep=20, n_shepherds=2, obs_mode=local_positions, stubborn_fraction=0.5",8.259553884069186,1.0,20.0,151.0,304.5,0.896634202151537,7.26832700071497,3.839775300684854,21.274165187124233,7.26832700071497,47.29857902898903,8.259553884069186,83.20675920480268,47.29857902898903,0.5669686688317565,0.0,0.957169752162325,0.5669686688317565,0.7828947368421053,0.1,1.0,0.7828947368421053,2.8289473684210527,0.0,17.0,2.8289473684210527,0.2461320371781067,151.0
strombom,strombom,drive_to_goal,custom,1,strombom,collect_drive,global,40,1,True,133,"{'world_width': 150.0, 'world_height': 150.0, 'goal_center': [15.0, 15.0], 'goal_radius': 15.0, 'max_ticks': 400, 'measurement_radius': 5.0, 'n_sheep': 40, 'r_a': 2.0, 'r_s': 65.0, 'rs_weight': 1.0, 'n_neighbors': -1, 'c': 1.05, 'noise_strength': 0.3, 'sheep_speed': 1.0, 'inertia': 0.5, 'graze_move_prob': 0.05, 'collect_threshold_scale': 1.0, 'n_shepherds': 1, 'shepherd_speed': 1.5, 'shepherd_stop_multiple': 3.0, 'initial_spread': 30.0, 'shepherd_start_offset': 50.0, 'success_fraction': 1.0, 'sheep_model': 'strombom', 'dog_controller': 'collect_drive', 'scenario_id': 'drive_to_goal', 'obs_mode': 'global', 'observation_frequency': 1, 'noise_sigma': 0.0, 'communication': 'none', 'stubborn_fraction': 0, 'stubborn_rs_scale': 0.25, 'stubborn_response_scale': 0.25, 'cohesion_scale': 1.0, 'initial_layout': 'cluster', 'speed_scale': 1.0, 'failure_mode': 'none', 'failure_tick': -1, 'sensing_scale': 1.0, 'goal_mode': 'static', 'goal_velocity': [0.0, 0.0], 'latency': 0}",0.0,"n_sheep=40, n_shepherds=1, obs_mode=global, stubborn_fraction=0","n_sheep=40, n_shepherds=1, obs_mode=global, stubborn_fraction=0",9.039499016473437,1.0,40.0,133.0,146.99801298523673,0.4609924326035865,7.570979250067874,3.962784321293347,23.52294149212758,7.570979250067874,49.00957487209236,9.039499016473437,88.10087752981714,49.00957487209236,0.6504028597671832,0.0,0.9633517947689301,0.6504028597671832,0.8149253731343282,0.15,1.0,0.8149253731343282,2.1865671641791047,0.0,22.0,2.1865671641791047,0.5378397769314336,133.0
strombom,strombom,drive_to_goal,custom,2,strombom,collect_drive,global,40,1,True,134,"{'world_width': 150.0, 'world_height': 150.0, 'goal_center': [15.0, 15.0], 'goal_radius': 15.0, 'max_ticks': 400, 'measurement_radius': 5.0, 'n_sheep': 40, 'r_a': 2.0, 'r_s': 65.0, 'rs_weight': 1.0, 'n_neighbors': -1, 'c': 1.05, 'noise_strength': 0.3, 'sheep_speed': 1.0, 'inertia': 0.5, 'graze_move_prob': 0.05, 'collect_threshold_scale': 1.0, 'n_shepherds': 1, 'shepherd_speed': 1.5, 'shepherd_stop_multiple': 3.0, 'initial_spread': 30.0, 'shepherd_start_offset': 50.0, 'success_fraction': 1.0, 'sheep_model': 'strombom', 'dog_controller': 'collect_drive', 'scenario_id': 'drive_to_goal', 'obs_mode': 'global', 'observation_frequency': 1, 'noise_sigma': 0.0, 'communication': 'none', 'stubborn_fraction': 0, 'stubborn_rs_scale': 0.25, 'stubborn_response_scale': 0.25, 'cohesion_scale': 1.0, 'initial_layout': 'cluster', 'speed_scale': 1.0, 'failure_mode': 'none', 'failure_tick': -1, 'sensing_scale': 1.0, 'goal_mode': 'static', 'goal_velocity': [0.0, 0.0], 'latency': 0}",0.0,"n_sheep=40, n_shepherds=1, obs_mode=global, stubborn_fraction=0","n_sheep=40, n_shepherds=1, obs_mode=global, stubborn_fraction=0",8.645829235284843,1.0,40.0,134.0,152.511261815059,0.36619462698856664,7.058771804034422,4.148869156233048,20.850712964472233,7.058771804034422,47.6978432047396,8.645829235284843,86.07566166205704,47.6978432047396,0.6440239245110876,0.0,0.9260744915398534,0.6440239245110876,0.8340740740740741,0.125,1.0,0.8340740740740741,1.8444444444444446,0.0,16.0,1.8444444444444446,0.5076991135295084,134.0
strombom,strombom,drive_to_goal,custom,3,strombom,collect_drive,global,40,1,True,160,"{'world_width': 150.0, 'world_height': 150.0, 'goal_center': [15.0, 15.0], 'goal_radius': 15.0, 'max_ticks': 400, 'measurement_radius': 5.0, 'n_sheep': 40, 'r_a': 2.0, 'r_s': 65.0, 'rs_weight': 1.0, 'n_neighbors': -1, 'c': 1.05, 'noise_strength': 0.3, 'sheep_speed': 1.0, 'inertia': 0.5, 'graze_move_prob': 0.05, 'collect_threshold_scale': 1.0, 'n_shepherds': 1, 'shepherd_speed': 1.5, 'shepherd_stop_multiple': 3.0, 'initial_spread': 30.0, 'shepherd_start_offset': 50.0, 'success_fraction': 1.0, 'sheep_model': 'strombom', 'dog_controller': 'collect_drive', 'scenario_id': 'drive_to_goal', 'obs_mode': 'global', 'observation_frequency': 1, 'noise_sigma': 0.0, 'communication': 'none', 'stubborn_fraction': 0, 'stubborn_rs_scale': 0.25, 'stubborn_response_scale': 0.25, 'cohesion_scale': 1.0, 'initial_layout': 'cluster', 'speed_scale': 1.0, 'failure_mode': 'none', 'failure_tick': -1, 'sensing_scale': 1.0, 'goal_mode': 'static', 'goal_velocity': [0.0, 0.0], 'latency': 0}",0.0,"n_sheep=40, n_shepherds=1, obs_mode=global, stubborn_fraction=0","n_sheep=40, n_shepherds=1, obs_mode=global, stubborn_fraction=0",7.471872818314752,1.0,40.0,160.0,187.36830763744314,0.02081217326850148,7.134470187776,4.176874150675671,22.786289922520155,7.134470187776,49.10394553150788,7.471872818314752,85.94998413360027,49.10394553150788,0.640220590272859,0.0,0.9585643964330386,0.640220590272859,0.8295031055900621,0.075,1.0,0.8295031055900621,1.9192546583850931,0.0,19.0,1.9192546583850931,0.41884410605415895,160.0
strombom,strombom,drive_to_goal,custom,1,strombom,collect_drive,global,40,1,False,400,"{'world_width': 150.0, 'world_height': 150.0, 'goal_center': [15.0, 15.0], 'goal_radius': 15.0, 'max_ticks': 400, 'measurement_radius': 5.0, 'n_sheep': 40, 'r_a': 2.0, 'r_s': 65.0, 'rs_weight': 1.0, 'n_neighbors': -1, 'c': 1.05, 'noise_strength': 0.3, 'sheep_speed': 1.0, 'inertia': 0.5, 'graze_move_prob': 0.05, 'collect_threshold_scale': 1.0, 'n_shepherds': 1, 'shepherd_speed': 1.5, 'shepherd_stop_multiple': 3.0, 'initial_spread': 30.0, 'shepherd_start_offset': 50.0, 'success_fraction': 1.0, 'sheep_model': 'strombom', 'dog_controller': 'collect_drive', 'scenario_id': 'drive_to_goal', 'obs_mode': 'global', 'observation_frequency': 1, 'noise_sigma': 0.0, 'communication': 'none', 'stubborn_fraction': 0.5, 'stubborn_rs_scale': 0.25, 'stubborn_response_scale': 0.25, 'cohesion_scale': 1.0, 'initial_layout': 'cluster', 'speed_scale': 1.0, 'failure_mode': 'none', 'failure_tick': -1, 'sensing_scale': 1.0, 'goal_mode': 'static', 'goal_velocity': [0.0, 0.0], 'latency': 0}",0.5,"n_sheep=40, n_shepherds=1, obs_mode=global, stubborn_fraction=0.5","n_sheep=40, n_shepherds=1, obs_mode=global, stubborn_fraction=0.5",15.924358049888331,0.325,13.0,-1.0,170.5465212831481,0.2911352625427591,5.45939292050048,3.199736416080069,23.52294149212758,5.45939292050048,29.32916289638068,0.2498649018193948,88.10087752981714,29.32916289638068,0.36431266833874837,0.0,0.9015936761583303,0.36431266833874837,0.9357231920199501,0.1,1.0,0.9357231920199501,0.683291770573566,0.0,22.0,0.683291770573566,0.4232072219174643,-1.0
strombom,strombom,drive_to_goal,custom,2,strombom,collect_drive,global,40,1,True,182,"{'world_width': 150.0, 'world_height': 150.0, 'goal_center': [15.0, 15.0], 'goal_radius': 15.0, 'max_ticks': 400, 'measurement_radius': 5.0, 'n_sheep': 40, 'r_a': 2.0, 'r_s': 65.0, 'rs_weight': 1.0, 'n_neighbors': -1, 'c': 1.05, 'noise_strength': 0.3, 'sheep_speed': 1.0, 'inertia': 0.5, 'graze_move_prob': 0.05, 'collect_threshold_scale': 1.0, 'n_shepherds': 1, 'shepherd_speed': 1.5, 'shepherd_stop_multiple': 3.0, 'initial_spread': 30.0, 'shepherd_start_offset': 50.0, 'success_fraction': 1.0, 'sheep_model': 'strombom', 'dog_controller': 'collect_drive', 'scenario_id': 'drive_to_goal', 'obs_mode': 'global', 'observation_frequency': 1, 'noise_sigma': 0.0, 'communication': 'none', 'stubborn_fraction': 0.5, 'stubborn_rs_scale': 0.25, 'stubborn_response_scale': 0.25, 'cohesion_scale': 1.0, 'initial_layout': 'cluster', 'speed_scale': 1.0, 'failure_mode': 'none', 'failure_tick': -1, 'sensing_scale': 1.0, 'goal_mode': 'static', 'goal_velocity': [0.0, 0.0], 'latency': 0}",0.5,"n_sheep=40, n_shepherds=1, obs_mode=global, stubborn_fraction=0.5","n_sheep=40, n_shepherds=1, obs_mode=global, stubborn_fraction=0.5",5.792397953691462,1.0,40.0,182.0,143.7278265825599,0.57586027020946,6.915617944937376,4.978662553031681,20.850712964472233,6.915617944937376,44.99444984350401,5.792397953691462,86.07566166205704,44.99444984350401,0.4722421578716065,0.0,0.867201225659129,0.4722421578716065,0.8816939890710384,0.125,1.0,0.8816939890710384,1.349726775956284,0.0,16.0,1.349726775956284,0.5585784299204538,182.0
strombom,strombom,drive_to_goal,custom,3,strombom,collect_drive,global,40,1,True,188,"{'world_width': 150.0, 'world_height': 150.0, 'goal_center': [15.0, 15.0], 'goal_radius': 15.0, 'max_ticks': 400, 'measurement_radius': 5.0, 'n_sheep': 40, 'r_a': 2.0, 'r_s': 65.0, 'rs_weight': 1.0, 'n_neighbors': -1, 'c': 1.05, 'noise_strength': 0.3, 'sheep_speed': 1.0, 'inertia': 0.5, 'graze_move_prob': 0.05, 'collect_threshold_scale': 1.0, 'n_shepherds': 1, 'shepherd_speed': 1.5, 'shepherd_stop_multiple': 3.0, 'initial_spread': 30.0, 'shepherd_start_offset': 50.0, 'success_fraction': 1.0, 'sheep_model': 'strombom', 'dog_controller': 'collect_drive', 'scenario_id': 'drive_to_goal', 'obs_mode': 'global', 'observation_frequency': 1, 'noise_sigma': 0.0, 'communication': 'none', 'stubborn_fraction': 0.5, 'stubborn_rs_scale': 0.25, 'stubborn_response_scale': 0.25, 'cohesion_scale': 1.0, 'initial_layout': 'cluster', 'speed_scale': 1.0, 'failure_mode': 'none', 'failure_tick': -1, 'sensing_scale': 1.0, 'goal_mode': 'static', 'goal_velocity': [0.0, 0.0], 'latency': 0}",0.5,"n_sheep=40, n_shepherds=1, obs_mode=global, stubborn_fraction=0.5","n_sheep=40, n_shepherds=1, obs_mode=global, stubborn_fraction=0.5",6.1897144182953845,1.0,40.0,188.0,152.0745205715552,0.5445644345093659,7.1816926804341845,4.817499068933159,22.786289922520155,7.1816926804341845,46.320060591242786,6.1897144182953845,85.94998413360027,46.320060591242786,0.4652801037451864,0.0,0.9116958651301567,0.4652801037451864,0.8608465608465606,0.075,1.0,0.8608465608465606,1.5026455026455026,0.0,19.0,1.5026455026455026,0.5244814806289362,188.0
strombom,strombom,drive_to_goal,custom,1,strombom,collect_drive,local_positions,40,1,True,130,"{'world_width': 150.0, 'world_height': 150.0, 'goal_center': [15.0, 15.0], 'goal_radius': 15.0, 'max_ticks': 400, 'measurement_radius': 5.0, 'n_sheep': 40, 'r_a': 2.0, 'r_s': 65.0, 'rs_weight': 1.0, 'n_neighbors': -1, 'c': 1.05, 'noise_strength': 0.3, 'sheep_speed': 1.0, 'inertia': 0.5, 'graze_move_prob': 0.05, 'collect_threshold_scale': 1.0, 'n_shepherds': 1, 'shepherd_speed': 1.5, 'shepherd_stop_multiple': 3.0, 'initial_spread': 30.0, 'shepherd_start_offset': 50.0, 'success_fraction': 1.0, 'sheep_model': 'strombom', 'dog_controller': 'collect_drive', 'scenario_id': 'drive_to_goal', 'obs_mode': 'local_positions', 'observation_frequency': 1, 'noise_sigma': 0.0, 'communication': 'none', 'stubborn_fraction': 0, 'stubborn_rs_scale': 0.25, 'stubborn_response_scale': 0.25, 'cohesion_scale': 1.0, 'initial_layout': 'cluster', 'speed_scale': 1.0, 'failure_mode': 'none', 'failure_tick': -1, 'sensing_scale': 1.0, 'goal_mode': 'static', 'goal_velocity': [0.0, 0.0], 'latency': 0}",0.0,"n_sheep=40, n_shepherds=1, obs_mode=local_positions, stubborn_fraction=0","n_sheep=40, n_shepherds=1, obs_mode=local_positions, stubborn_fraction=0",9.387621779490384,1.0,40.0,130.0,145.49278747113382,0.2949104041996079,7.918108808940455,3.939788789614495,23.52294149212758,7.918108808940455,48.749168493424946,9.387621779490384,88.10087752981714,48.749168493424946,0.6579611782606677,0.0,0.9633517947689301,0.6579611782606677,0.8051526717557251,0.15,1.0,0.8051526717557251,2.3893129770992365,0.0,22.0,2.3893129770992365,0.5410113938874371,130.0
strombom,strombom,drive_to_goal,custom,2,strombom,collect_drive,local_positions,40,1,True,129,"{'world_width': 150.0, 'world_height': 150.0, 'goal_center': [15.0, 15.0], 'goal_radius': 15.0, 'max_ticks': 400, 'measurement_radius': 5.0, 'n_sheep': 40, 'r_a': 2.0, 'r_s': 65.0, 'rs_weight': 1.0, 'n_neighbors': -1, 'c': 1.05, 'noise_strength': 0.3, 'sheep_speed': 1.0, 'inertia': 0.5, 'graze_move_prob': 0.05, 'collect_threshold_scale': 1.0, 'n_shepherds': 1, 'shepherd_speed': 1.5, 'shepherd_stop_multiple': 3.0, 'initial_spread': 30.0, 'shepherd_start_offset': 50.0, 'success_fraction': 1.0, 'sheep_model': 'strombom', 'dog_controller': 'collect_drive', 'scenario_id': 'drive_to_goal', 'obs_mode': 'local_positions', 'observation_frequency': 1, 'noise_sigma': 0.0, 'communication': 'none', 'stubborn_fraction': 0, 'stubborn_rs_scale': 0.25, 'stubborn_response_scale': 0.25, 'cohesion_scale': 1.0, 'initial_layout': 'cluster', 'speed_scale': 1.0, 'failure_mode': 'none', 'failure_tick': -1, 'sensing_scale': 1.0, 'goal_mode': 'static', 'goal_velocity': [0.0, 0.0], 'latency': 0}",0.0,"n_sheep=40, n_shepherds=1, obs_mode=local_positions, stubborn_fraction=0","n_sheep=40, n_shepherds=1, obs_mode=local_positions, stubborn_fraction=0",8.335064013709845,1.0,40.0,129.0,145.73126188940992,0.38415276950441096,7.126969903719004,3.936461362446593,20.850712964472233,7.126969903719004,47.19654068715804,8.335064013709845,86.07566166205704,47.19654068715804,0.6445068357443542,0.0,0.9261011604276176,0.6445068357443542,0.8209615384615385,0.125,1.0,0.8209615384615385,1.9461538461538461,0.0,16.0,1.9461538461538461,0.5334517566130846,129.0
strombom,strombom,drive_to_goal,custom,3,strombom,collect_drive,local_positions,40,1,True,141,"{'world_width': 150.0, 'world_height': 150.0, 'goal_center': [15.0, 15.0], 'goal_radius': 15.0, 'max_ticks': 400, 'measurement_radius': 5.0, 'n_sheep': 40, 'r_a': 2.0, 'r_s': 65.0, 'rs_weight': 1.0, 'n_neighbors': -1, 'c': 1.05, 'noise_strength': 0.3, 'sheep_speed': 1.0, 'inertia': 0.5, 'graze_move_prob': 0.05, 'collect_threshold_scale': 1.0, 'n_shepherds': 1, 'shepherd_speed': 1.5, 'shepherd_stop_multiple': 3.0, 'initial_spread': 30.0, 'shepherd_start_offset': 50.0, 'success_fraction': 1.0, 'sheep_model': 'strombom', 'dog_controller': 'collect_drive', 'scenario_id': 'drive_to_goal', 'obs_mode': 'local_positions', 'observation_frequency': 1, 'noise_sigma': 0.0, 'communication': 'none', 'stubborn_fraction': 0, 'stubborn_rs_scale': 0.25, 'stubborn_response_scale': 0.25, 'cohesion_scale': 1.0, 'initial_layout': 'cluster', 'speed_scale': 1.0, 'failure_mode': 'none', 'failure_tick': -1, 'sensing_scale': 1.0, 'goal_mode': 'static', 'goal_velocity': [0.0, 0.0], 'latency': 0}",0.0,"n_sheep=40, n_shepherds=1, obs_mode=local_positions, stubborn_fraction=0","n_sheep=40, n_shepherds=1, obs_mode=local_positions, stubborn_fraction=0",7.9590756807286525,1.0,40.0,141.0,173.09670525822492,0.730546470546678,7.403130618005362,4.128588593561105,22.786289922520155,7.403130618005362,47.79400881368452,7.9590756807286525,85.94998413360027,47.79400881368452,0.6423160765702592,0.0,0.9585643964330386,0.6423160765702592,0.8186619718309859,0.075,1.0,0.8186619718309859,2.0492957746478875,0.0,19.0,2.0492957746478875,0.4505626397482559,141.0
strombom,strombom,drive_to_goal,custom,1,strombom,collect_drive,local_positions,40,1,True,189,"{'world_width': 150.0, 'world_height': 150.0, 'goal_center': [15.0, 15.0], 'goal_radius': 15.0, 'max_ticks': 400, 'measurement_radius': 5.0, 'n_sheep': 40, 'r_a': 2.0, 'r_s': 65.0, 'rs_weight': 1.0, 'n_neighbors': -1, 'c': 1.05, 'noise_strength': 0.3, 'sheep_speed': 1.0, 'inertia': 0.5, 'graze_move_prob': 0.05, 'collect_threshold_scale': 1.0, 'n_shepherds': 1, 'shepherd_speed': 1.5, 'shepherd_stop_multiple': 3.0, 'initial_spread': 30.0, 'shepherd_start_offset': 50.0, 'success_fraction': 1.0, 'sheep_model': 'strombom', 'dog_controller': 'collect_drive', 'scenario_id': 'drive_to_goal', 'obs_mode': 'local_positions', 'observation_frequency': 1, 'noise_sigma': 0.0, 'communication': 'none', 'stubborn_fraction': 0.5, 'stubborn_rs_scale': 0.25, 'stubborn_response_scale': 0.25, 'cohesion_scale': 1.0, 'initial_layout': 'cluster', 'speed_scale': 1.0, 'failure_mode': 'none', 'failure_tick': -1, 'sensing_scale': 1.0, 'goal_mode': 'static', 'goal_velocity': [0.0, 0.0], 'latency': 0}",0.5,"n_sheep=40, n_shepherds=1, obs_mode=local_positions, stubborn_fraction=0.5","n_sheep=40, n_shepherds=1, obs_mode=local_positions, stubborn_fraction=0.5",5.630229372778465,1.0,40.0,189.0,142.5608193185266,0.21194645825712424,7.121523514328417,4.831259760372785,23.52294149212758,7.121523514328417,46.507233296140484,5.630229372778465,88.10087752981714,46.507233296140484,0.47022113569423096,0.0,0.9015936761583303,0.47022113569423096,0.8700000000000001,0.1,1.0,0.8700000000000001,1.4684210526315788,0.0,22.0,1.4684210526315788,0.5784944878352081,189.0
strombom,strombom,drive_to_goal,custom,2,strombom,collect_drive,local_positions,40,1,True,185,"{'world_width': 150.0, 'world_height': 150.0, 'goal_center': [15.0, 15.0], 'goal_radius': 15.0, 'max_ticks': 400, 'measurement_radius': 5.0, 'n_sheep': 40, 'r_a': 2.0, 'r_s': 65.0, 'rs_weight': 1.0, 'n_neighbors': -1, 'c': 1.05, 'noise_strength': 0.3, 'sheep_speed': 1.0, 'inertia': 0.5, 'graze_move_prob': 0.05, 'collect_threshold_scale': 1.0, 'n_shepherds': 1, 'shepherd_speed': 1.5, 'shepherd_stop_multiple': 3.0, 'initial_spread': 30.0, 'shepherd_start_offset': 50.0, 'success_fraction': 1.0, 'sheep_model': 'strombom', 'dog_controller': 'collect_drive', 'scenario_id': 'drive_to_goal', 'obs_mode': 'local_positions', 'observation_frequency': 1, 'noise_sigma': 0.0, 'communication': 'none', 'stubborn_fraction': 0.5, 'stubborn_rs_scale': 0.25, 'stubborn_response_scale': 0.25, 'cohesion_scale': 1.0, 'initial_layout': 'cluster', 'speed_scale': 1.0, 'failure_mode': 'none', 'failure_tick': -1, 'sensing_scale': 1.0, 'goal_mode': 'static', 'goal_velocity': [0.0, 0.0], 'latency': 0}",0.5,"n_sheep=40, n_shepherds=1, obs_mode=local_positions, stubborn_fraction=0.5","n_sheep=40, n_shepherds=1, obs_mode=local_positions, stubborn_fraction=0.5",7.004544299583771,1.0,40.0,185.0,141.98004884614815,0.5602240944827754,6.848612375765743,4.941609599495659,20.850712964472233,6.848612375765743,45.10354715832841,7.004544299583771,86.07566166205704,45.10354715832841,0.4544875169186757,0.0,0.8777018183199222,0.4544875169186757,0.8819892473118278,0.125,1.0,0.8819892473118278,1.3387096774193548,0.0,16.0,1.3387096774193548,0.5569171021215523,185.0
strombom,strombom,drive_to_goal,custom,3,strombom,collect_drive,local_positions,40,1,False,400,"{'world_width': 150.0, 'world_height': 150.0, 'goal_center': [15.0, 15.0], 'goal_radius': 15.0, 'max_ticks': 400, 'measurement_radius': 5.0, 'n_sheep': 40, 'r_a': 2.0, 'r_s': 65.0, 'rs_weight': 1.0, 'n_neighbors': -1, 'c': 1.05, 'noise_strength': 0.3, 'sheep_speed': 1.0, 'inertia': 0.5, 'graze_move_prob': 0.05, 'collect_threshold_scale': 1.0, 'n_shepherds': 1, 'shepherd_speed': 1.5, 'shepherd_stop_multiple': 3.0, 'initial_spread': 30.0, 'shepherd_start_offset': 50.0, 'success_fraction': 1.0, 'sheep_model': 'strombom', 'dog_controller': 'collect_drive', 'scenario_id': 'drive_to_goal', 'obs_mode': 'local_positions', 'observation_frequency': 1, 'noise_sigma': 0.0, 'communication': 'none', 'stubborn_fraction': 0.5, 'stubborn_rs_scale': 0.25, 'stubborn_response_scale': 0.25, 'cohesion_scale': 1.0, 'initial_layout': 'cluster', 'speed_scale': 1.0, 'failure_mode': 'none', 'failure_tick': -1, 'sensing_scale': 1.0, 'goal_mode': 'static', 'goal_velocity': [0.0, 0.0], 'latency': 0}",0.5,"n_sheep=40, n_shepherds=1, obs_mode=local_positions, stubborn_fraction=0.5","n_sheep=40, n_shepherds=1, obs_mode=local_positions, stubborn_fraction=0.5",16.103411803590674,0.275,11.0,-1.0,180.28684810173462,0.07816833117009304,5.430616013494825,3.3350860041771084,22.786289922520155,5.430616013494825,28.954832171279158,0.20550163621728662,85.94998413360027,28.954832171279158,0.35974766214661275,0.0,0.9116958651301567,0.35974766214661275,0.9307980049875311,0.075,1.0,0.9307980049875311,0.6783042394014963,0.0,19.0,0.6783042394014963,0.3874191216133284,-1.0
strombom,strombom,drive_to_goal,custom,1,strombom,collect_drive,global,40,2,True,135,"{'world_width': 150.0, 'world_height': 150.0, 'goal_center': [15.0, 15.0], 'goal_radius': 15.0, 'max_ticks': 400, 'measurement_radius': 5.0, 'n_sheep': 40, 'r_a': 2.0, 'r_s': 65.0, 'rs_weight': 1.0, 'n_neighbors': -1, 'c': 1.05, 'noise_strength': 0.3, 'sheep_speed': 1.0, 'inertia': 0.5, 'graze_move_prob': 0.05, 'collect_threshold_scale': 1.0, 'n_shepherds': 2, 'shepherd_speed': 1.5, 'shepherd_stop_multiple': 3.0, 'initial_spread': 30.0, 'shepherd_start_offset': 50.0, 'success_fraction': 1.0, 'sheep_model': 'strombom', 'dog_controller': 'collect_drive', 'scenario_id': 'drive_to_goal', 'obs_mode': 'global', 'observation_frequency': 1, 'noise_sigma': 0.0, 'communication': 'none', 'stubborn_fraction': 0, 'stubborn_rs_scale': 0.25, 'stubborn_response_scale': 0.25, 'cohesion_scale': 1.0, 'initial_layout': 'cluster', 'speed_scale': 1.0, 'failure_mode': 'none', 'failure_tick': -1, 'sensing_scale': 1.0, 'goal_mode': 'static', 'goal_velocity': [0.0, 0.0], 'latency': 0}",0.0,"n_sheep=40, n_shepherds=2, obs_mode=global, stubborn_fraction=0","n_sheep=40, n_shepherds=2, obs_mode=global, stubborn_fraction=0",8.040538688836044,1.0,40.0,135.0,298.6567438176869,0.6844608673923994,7.647238169492099,4.03037829549467,23.52294149212758,7.647238169492099,48.43226793079621,8.040538688836044,88.10087752981714,48.43226793079621,0.6445686105084587,0.0,0.9584245903238624,0.6445686105084587,0.8150735294117647,0.15,1.0,0.8150735294117647,2.198529411764706,0.0,22.0,2.198529411764706,0.26806807647328207,135.0
strombom,strombom,drive_to_goal,custom,2,strombom,collect_drive,global,40,2,True,133,"{'world_width': 150.0, 'world_height': 150.0, 'goal_center': [15.0, 15.0], 'goal_radius': 15.0, 'max_ticks': 400, 'measurement_radius': 5.0, 'n_sheep': 40, 'r_a': 2.0, 'r_s': 65.0, 'rs_weight': 1.0, 'n_neighbors': -1, 'c': 1.05, 'noise_strength': 0.3, 'sheep_speed': 1.0, 'inertia': 0.5, 'graze_move_prob': 0.05, 'collect_threshold_scale': 1.0, 'n_shepherds': 2, 'shepherd_speed': 1.5, 'shepherd_stop_multiple': 3.0, 'initial_spread': 30.0, 'shepherd_start_offset': 50.0, 'success_fraction': 1.0, 'sheep_model': 'strombom', 'dog_controller': 'collect_drive', 'scenario_id': 'drive_to_goal', 'obs_mode': 'global', 'observation_frequency': 1, 'noise_sigma': 0.0, 'communication': 'none', 'stubborn_fraction': 0, 'stubborn_rs_scale': 0.25, 'stubborn_response_scale': 0.25, 'cohesion_scale': 1.0, 'initial_layout': 'cluster', 'speed_scale': 1.0, 'failure_mode': 'none', 'failure_tick': -1, 'sensing_scale': 1.0, 'goal_mode': 'static', 'goal_velocity': [0.0, 0.0], 'latency': 0}",0.0,"n_sheep=40, n_shepherds=2, obs_mode=global, stubborn_fraction=0","n_sheep=40, n_shepherds=2, obs_mode=global, stubborn_fraction=0",9.42070203928038,1.0,40.0,133.0,304.1300094129148,0.3211213704389798,6.947250470908604,3.9824879771052233,20.850712964472233,6.947250470908604,47.83702830067056,9.42070203928038,86.07566166205704,47.83702830067056,0.6336424398994887,0.0,0.9232976026824737,0.6336424398994887,0.8294776119402985,0.125,1.0,0.8294776119402985,1.8208955223880596,0.0,16.0,1.8208955223880596,0.25204668151870163,133.0
strombom,strombom,drive_to_goal,custom,3,strombom,collect_drive,global,40,2,True,161,"{'world_width': 150.0, 'world_height': 150.0, 'goal_center': [15.0, 15.0], 'goal_radius': 15.0, 'max_ticks': 400, 'measurement_radius': 5.0, 'n_sheep': 40, 'r_a': 2.0, 'r_s': 65.0, 'rs_weight': 1.0, 'n_neighbors': -1, 'c': 1.05, 'noise_strength': 0.3, 'sheep_speed': 1.0, 'inertia': 0.5, 'graze_move_prob': 0.05, 'collect_threshold_scale': 1.0, 'n_shepherds': 2, 'shepherd_speed': 1.5, 'shepherd_stop_multiple': 3.0, 'initial_spread': 30.0, 'shepherd_start_offset': 50.0, 'success_fraction': 1.0, 'sheep_model': 'strombom', 'dog_controller': 'collect_drive', 'scenario_id': 'drive_to_goal', 'obs_mode': 'global', 'observation_frequency': 1, 'noise_sigma': 0.0, 'communication': 'none', 'stubborn_fraction': 0, 'stubborn_rs_scale': 0.25, 'stubborn_response_scale': 0.25, 'cohesion_scale': 1.0, 'initial_layout': 'cluster', 'speed_scale': 1.0, 'failure_mode': 'none', 'failure_tick': -1, 'sensing_scale': 1.0, 'goal_mode': 'static', 'goal_velocity': [0.0, 0.0], 'latency': 0}",0.0,"n_sheep=40, n_shepherds=2, obs_mode=global, stubborn_fraction=0","n_sheep=40, n_shepherds=2, obs_mode=global, stubborn_fraction=0",8.880010835691394,1.0,40.0,161.0,384.8817902175063,0.24263278547023692,7.049509313606096,3.953285679687827,22.786289922520155,7.049509313606096,49.85992207971134,8.880010835691394,85.94998413360027,49.85992207971134,0.6400454517562633,0.0,0.9664600867802252,0.6400454517562633,0.8439814814814814,0.075,1.0,0.8439814814814814,1.9197530864197532,0.0,19.0,1.9197530864197532,0.20024323118626813,161.0
strombom,strombom,drive_to_goal,custom,1,strombom,collect_drive,global,40,2,True,186,"{'world_width': 150.0, 'world_height': 150.0, 'goal_center': [15.0, 15.0], 'goal_radius': 15.0, 'max_ticks': 400, 'measurement_radius': 5.0, 'n_sheep': 40, 'r_a': 2.0, 'r_s': 65.0, 'rs_weight': 1.0, 'n_neighbors': -1, 'c': 1.05, 'noise_strength': 0.3, 'sheep_speed': 1.0, 'inertia': 0.5, 'graze_move_prob': 0.05, 'collect_threshold_scale': 1.0, 'n_shepherds': 2, 'shepherd_speed': 1.5, 'shepherd_stop_multiple': 3.0, 'initial_spread': 30.0, 'shepherd_start_offset': 50.0, 'success_fraction': 1.0, 'sheep_model': 'strombom', 'dog_controller': 'collect_drive', 'scenario_id': 'drive_to_goal', 'obs_mode': 'global', 'observation_frequency': 1, 'noise_sigma': 0.0, 'communication': 'none', 'stubborn_fraction': 0.5, 'stubborn_rs_scale': 0.25, 'stubborn_response_scale': 0.25, 'cohesion_scale': 1.0, 'initial_layout': 'cluster', 'speed_scale': 1.0, 'failure_mode': 'none', 'failure_tick': -1, 'sensing_scale': 1.0, 'goal_mode': 'static', 'goal_velocity': [0.0, 0.0], 'latency': 0}",0.5,"n_sheep=40, n_shepherds=2, obs_mode=global, stubborn_fraction=0.5","n_sheep=40, n_shepherds=2, obs_mode=global, stubborn_fraction=0.5",6.3128675321072665,1.0,40.0,186.0,287.43454861175616,0.19350961271256054,7.2892542661023105,4.573578240135849,23.52294149212758,7.2892542661023105,47.23654992963519,6.3128675321072665,88.10087752981714,47.23654992963519,0.47329053002867855,0.0,0.9092549028357713,0.47329053002867855,0.871657754010695,0.15,1.0,0.871657754010695,1.6042780748663101,0.0,22.0,1.6042780748663101,0.2845448133939621,186.0
strombom,strombom,drive_to_goal,custom,2,strombom,collect_drive,global,40,2,True,191,"{'world_width': 150.0, 'world_height': 150.0, 'goal_center': [15.0, 15.0], 'goal_radius': 15.0, 'max_ticks': 400, 'measurement_radius': 5.0, 'n_sheep': 40, 'r_a': 2.0, 'r_s': 65.0, 'rs_weight': 1.0, 'n_neighbors': -1, 'c': 1.05, 'noise_strength': 0.3, 'sheep_speed': 1.0, 'inertia': 0.5, 'graze_move_prob': 0.05, 'collect_threshold_scale': 1.0, 'n_shepherds': 2, 'shepherd_speed': 1.5, 'shepherd_stop_multiple': 3.0, 'initial_spread': 30.0, 'shepherd_start_offset': 50.0, 'success_fraction': 1.0, 'sheep_model': 'strombom', 'dog_controller': 'collect_drive', 'scenario_id': 'drive_to_goal', 'obs_mode': 'global', 'observation_frequency': 1, 'noise_sigma': 0.0, 'communication': 'none', 'stubborn_fraction': 0.5, 'stubborn_rs_scale': 0.25, 'stubborn_response_scale': 0.25, 'cohesion_scale': 1.0, 'initial_layout': 'cluster', 'speed_scale': 1.0, 'failure_mode': 'none', 'failure_tick': -1, 'sensing_scale': 1.0, 'goal_mode': 'static', 'goal_velocity': [0.0, 0.0], 'latency': 0}",0.5,"n_sheep=40, n_shepherds=2, obs_mode=global, stubborn_fraction=0.5","n_sheep=40, n_shepherds=2, obs_mode=global, stubborn_fraction=0.5",5.9670884069878065,1.0,40.0,191.0,290.2475526891244,0.20238515635680432,6.537368269974877,4.3517707833141746,20.850712964472233,6.537368269974877,45.08181651260971,5.9670884069878065,86.07566166205704,45.08181651260971,0.4451409764928167,0.0,0.8334377867427157,0.4451409764928167,0.8907552083333332,0.125,1.0,0.8907552083333332,1.1770833333333333,0.0,16.0,1.1770833333333333,0.2760008568991145,191.0
strombom,strombom,drive_to_goal,custom,3,strombom,collect_drive,global,40,2,True,195,"{'world_width': 150.0, 'world_height': 150.0, 'goal_center': [15.0, 15.0], 'goal_radius': 15.0, 'max_ticks': 400, 'measurement_radius': 5.0, 'n_sheep': 40, 'r_a': 2.0, 'r_s': 65.0, 'rs_weight': 1.0, 'n_neighbors': -1, 'c': 1.05, 'noise_strength': 0.3, 'sheep_speed': 1.0, 'inertia': 0.5, 'graze_move_prob': 0.05, 'collect_threshold_scale': 1.0, 'n_shepherds': 2, 'shepherd_speed': 1.5, 'shepherd_stop_multiple': 3.0, 'initial_spread': 30.0, 'shepherd_start_offset': 50.0, 'success_fraction': 1.0, 'sheep_model': 'strombom', 'dog_controller': 'collect_drive', 'scenario_id': 'drive_to_goal', 'obs_mode': 'global', 'observation_frequency': 1, 'noise_sigma': 0.0, 'communication': 'none', 'stubborn_fraction': 0.5, 'stubborn_rs_scale': 0.25, 'stubborn_response_scale': 0.25, 'cohesion_scale': 1.0, 'initial_layout': 'cluster', 'speed_scale': 1.0, 'failure_mode': 'none', 'failure_tick': -1, 'sensing_scale': 1.0, 'goal_mode': 'static', 'goal_velocity': [0.0, 0.0], 'latency': 0}",0.5,"n_sheep=40, n_shepherds=2, obs_mode=global, stubborn_fraction=0.5","n_sheep=40, n_shepherds=2, obs_mode=global, stubborn_fraction=0.5",7.272364473998751,1.0,40.0,195.0,336.07475662165916,0.30737559832699374,7.208098975986373,4.836182937440609,22.786289922520155,7.208098975986373,47.32294761577896,7.272364473998751,85.94998413360027,47.32294761577896,0.45811949037675814,0.0,0.9152542166271487,0.45811949037675814,0.8605867346938775,0.075,1.0,0.8605867346938775,1.816326530612245,0.0,19.0,1.816326530612245,0.23410749575629075,195.0
strombom,strombom,drive_to_goal,custom,1,strombom,collect_drive,local_positions,40,2,True,130,"{'world_width': 150.0, 'world_height': 150.0, 'goal_center': [15.0, 15.0], 'goal_radius': 15.0, 'max_ticks': 400, 'measurement_radius': 5.0, 'n_sheep': 40, 'r_a': 2.0, 'r_s': 65.0, 'rs_weight': 1.0, 'n_neighbors': -1, 'c': 1.05, 'noise_strength': 0.3, 'sheep_speed': 1.0, 'inertia': 0.5, 'graze_move_prob': 0.05, 'collect_threshold_scale': 1.0, 'n_shepherds': 2, 'shepherd_speed': 1.5, 'shepherd_stop_multiple': 3.0, 'initial_spread': 30.0, 'shepherd_start_offset': 50.0, 'success_fraction': 1.0, 'sheep_model': 'strombom', 'dog_controller': 'collect_drive', 'scenario_id': 'drive_to_goal', 'obs_mode': 'local_positions', 'observation_frequency': 1, 'noise_sigma': 0.0, 'communication': 'none', 'stubborn_fraction': 0, 'stubborn_rs_scale': 0.25, 'stubborn_response_scale': 0.25, 'cohesion_scale': 1.0, 'initial_layout': 'cluster', 'speed_scale': 1.0, 'failure_mode': 'none', 'failure_tick': -1, 'sensing_scale': 1.0, 'goal_mode': 'static', 'goal_velocity': [0.0, 0.0], 'latency': 0}",0.0,"n_sheep=40, n_shepherds=2, obs_mode=local_positions, stubborn_fraction=0","n_sheep=40, n_shepherds=2, obs_mode=local_positions, stubborn_fraction=0",8.951498480526762,1.0,40.0,130.0,290.7892413344492,0.8198461373673773,7.775440083639809,4.107032543008967,23.52294149212758,7.775440083639809,49.05054785861164,8.951498480526762,88.10087752981714,49.05054785861164,0.6575052496856533,0.0,0.9584201785023574,0.6575052496856533,0.808969465648855,0.15,1.0,0.808969465648855,2.2748091603053435,0.0,22.0,2.2748091603053435,0.272188127339475,130.0
strombom,strombom,drive_to_goal,custom,2,strombom,collect_drive,local_positions,40,2,True,129,"{'world_width': 150.0, 'world_height': 150.0, 'goal_center': [15.0, 15.0], 'goal_radius': 15.0, 'max_ticks': 400, 'measurement_radius': 5.0, 'n_sheep': 40, 'r_a': 2.0, 'r_s': 65.0, 'rs_weight': 1.0, 'n_neighbors': -1, 'c': 1.05, 'noise_strength': 0.3, 'sheep_speed': 1.0, 'inertia': 0.5, 'graze_move_prob': 0.05, 'collect_threshold_scale': 1.0, 'n_shepherds': 2, 'shepherd_speed': 1.5, 'shepherd_stop_multiple': 3.0, 'initial_spread': 30.0, 'shepherd_start_offset': 50.0, 'success_fraction': 1.0, 'sheep_model': 'strombom', 'dog_controller': 'collect_drive', 'scenario_id': 'drive_to_goal', 'obs_mode': 'local_positions', 'observation_frequency': 1, 'noise_sigma': 0.0, 'communication': 'none', 'stubborn_fraction': 0, 'stubborn_rs_scale': 0.25, 'stubborn_response_scale': 0.25, 'cohesion_scale': 1.0, 'initial_layout': 'cluster', 'speed_scale': 1.0, 'failure_mode': 'none', 'failure_tick': -1, 'sensing_scale': 1.0, 'goal_mode': 'static', 'goal_velocity': [0.0, 0.0], 'latency': 0}",0.0,"n_sheep=40, n_shepherds=2, obs_mode=local_positions, stubborn_fraction=0","n_sheep=40, n_shepherds=2, obs_mode=local_positions, stubborn_fraction=0",8.845483838928246,1.0,40.0,129.0,304.8788455757301,0.23666459429781778,7.114644104645322,3.984380871799734,20.850712964472233,7.114644104645322,47.468434119525774,8.845483838928246,86.07566166205704,47.468434119525774,0.6502651437390088,0.0,0.930255284227975,0.6502651437390088,0.8194230769230768,0.125,1.0,0.8194230769230768,1.9384615384615385,0.0,16.0,1.9384615384615385,0.2533143212258237,129.0
strombom,strombom,drive_to_goal,custom,3,strombom,collect_drive,local_positions,40,2,True,151,"{'world_width': 150.0, 'world_height': 150.0, 'goal_center': [15.0, 15.0], 'goal_radius': 15.0, 'max_ticks': 400, 'measurement_radius': 5.0, 'n_sheep': 40, 'r_a': 2.0, 'r_s': 65.0, 'rs_weight': 1.0, 'n_neighbors': -1, 'c': 1.05, 'noise_strength': 0.3, 'sheep_speed': 1.0, 'inertia': 0.5, 'graze_move_prob': 0.05, 'collect_threshold_scale': 1.0, 'n_shepherds': 2, 'shepherd_speed': 1.5, 'shepherd_stop_multiple': 3.0, 'initial_spread': 30.0, 'shepherd_start_offset': 50.0, 'success_fraction': 1.0, 'sheep_model': 'strombom', 'dog_controller': 'collect_drive', 'scenario_id': 'drive_to_goal', 'obs_mode': 'local_positions', 'observation_frequency': 1, 'noise_sigma': 0.0, 'communication': 'none', 'stubborn_fraction': 0, 'stubborn_rs_scale': 0.25, 'stubborn_response_scale': 0.25, 'cohesion_scale': 1.0, 'initial_layout': 'cluster', 'speed_scale': 1.0, 'failure_mode': 'none', 'failure_tick': -1, 'sensing_scale': 1.0, 'goal_mode': 'static', 'goal_velocity': [0.0, 0.0], 'latency': 0}",0.0,"n_sheep=40, n_shepherds=2, obs_mode=local_positions, stubborn_fraction=0","n_sheep=40, n_shepherds=2, obs_mode=local_positions, stubborn_fraction=0",8.085436051993847,1.0,40.0,151.0,371.4149957682096,0.08425409314487406,7.1979446134943235,4.151808010779181,22.786289922520155,7.1979446134943235,47.78583177790272,8.085436051993847,85.94998413360027,47.78583177790272,0.6310627109645011,0.0,0.9664600867802252,0.6310627109645011,0.8317434210526314,0.075,1.0,0.8317434210526314,1.993421052631579,0.0,19.0,1.993421052631579,0.20964298417880695,151.0
strombom,strombom,drive_to_goal,custom,1,strombom,collect_drive,local_positions,40,2,True,194,"{'world_width': 150.0, 'world_height': 150.0, 'goal_center': [15.0, 15.0], 'goal_radius': 15.0, 'max_ticks': 400, 'measurement_radius': 5.0, 'n_sheep': 40, 'r_a': 2.0, 'r_s': 65.0, 'rs_weight': 1.0, 'n_neighbors': -1, 'c': 1.05, 'noise_strength': 0.3, 'sheep_speed': 1.0, 'inertia': 0.5, 'graze_move_prob': 0.05, 'collect_threshold_scale': 1.0, 'n_shepherds': 2, 'shepherd_speed': 1.5, 'shepherd_stop_multiple': 3.0, 'initial_spread': 30.0, 'shepherd_start_offset': 50.0, 'success_fraction': 1.0, 'sheep_model': 'strombom', 'dog_controller': 'collect_drive', 'scenario_id': 'drive_to_goal', 'obs_mode': 'local_positions', 'observation_frequency': 1, 'noise_sigma': 0.0, 'communication': 'none', 'stubborn_fraction': 0.5, 'stubborn_rs_scale': 0.25, 'stubborn_response_scale': 0.25, 'cohesion_scale': 1.0, 'initial_layout': 'cluster', 'speed_scale': 1.0, 'failure_mode': 'none', 'failure_tick': -1, 'sensing_scale': 1.0, 'goal_mode': 'static', 'goal_velocity': [0.0, 0.0], 'latency': 0}",0.5,"n_sheep=40, n_shepherds=2, obs_mode=local_positions, stubborn_fraction=0.5","n_sheep=40, n_shepherds=2, obs_mode=local_positions, stubborn_fraction=0.5",5.892180954948739,1.0,40.0,194.0,289.32750319326135,0.897655168152356,7.0777751671254965,4.798943359201418,23.52294149212758,7.0777751671254965,46.69943274865435,5.892180954948739,88.10087752981714,46.69943274865435,0.45499552015764133,0.0,0.9092549028357713,0.45499552015764133,0.8833333333333332,0.15,1.0,0.8833333333333332,1.5128205128205128,0.0,22.0,1.5128205128205128,0.2841371652108568,194.0
strombom,strombom,drive_to_goal,custom,2,strombom,collect_drive,local_positions,40,2,True,188,"{'world_width': 150.0, 'world_height': 150.0, 'goal_center': [15.0, 15.0], 'goal_radius': 15.0, 'max_ticks': 400, 'measurement_radius': 5.0, 'n_sheep': 40, 'r_a': 2.0, 'r_s': 65.0, 'rs_weight': 1.0, 'n_neighbors': -1, 'c': 1.05, 'noise_strength': 0.3, 'sheep_speed': 1.0, 'inertia': 0.5, 'graze_move_prob': 0.05, 'collect_threshold_scale': 1.0, 'n_shepherds': 2, 'shepherd_speed': 1.5, 'shepherd_stop_multiple': 3.0, 'initial_spread': 30.0, 'shepherd_start_offset': 50.0, 'success_fraction': 1.0, 'sheep_model': 'strombom', 'dog_controller': 'collect_drive', 'scenario_id': 'drive_to_goal', 'obs_mode': 'local_positions', 'observation_frequency': 1, 'noise_sigma': 0.0, 'communication': 'none', 'stubborn_fraction': 0.5, 'stubborn_rs_scale': 0.25, 'stubborn_response_scale': 0.25, 'cohesion_scale': 1.0, 'initial_layout': 'cluster', 'speed_scale': 1.0, 'failure_mode': 'none', 'failure_tick': -1, 'sensing_scale': 1.0, 'goal_mode': 'static', 'goal_velocity': [0.0, 0.0], 'latency': 0}",0.5,"n_sheep=40, n_shepherds=2, obs_mode=local_positions, stubborn_fraction=0.5","n_sheep=40, n_shepherds=2, obs_mode=local_positions, stubborn_fraction=0.5",6.694040298023083,1.0,40.0,188.0,290.72010573030514,0.4175665072995452,6.656190361764065,4.5119245434333894,20.850712964472233,6.656190361764065,45.95035673598188,6.694040298023083,86.07566166205704,45.95035673598188,0.4495849598378711,0.0,0.8358507248953836,0.4495849598378711,0.8820105820105819,0.125,1.0,0.8820105820105819,1.2222222222222223,0.0,16.0,1.2222222222222223,0.2730517078088662,188.0
strombom,strombom,drive_to_goal,custom,3,strombom,collect_drive,local_positions,40,2,True,196,"{'world_width': 150.0, 'world_height': 150.0, 'goal_center': [15.0, 15.0], 'goal_radius': 15.0, 'max_ticks': 400, 'measurement_radius': 5.0, 'n_sheep': 40, 'r_a': 2.0, 'r_s': 65.0, 'rs_weight': 1.0, 'n_neighbors': -1, 'c': 1.05, 'noise_strength': 0.3, 'sheep_speed': 1.0, 'inertia': 0.5, 'graze_move_prob': 0.05, 'collect_threshold_scale': 1.0, 'n_shepherds': 2, 'shepherd_speed': 1.5, 'shepherd_stop_multiple': 3.0, 'initial_spread': 30.0, 'shepherd_start_offset': 50.0, 'success_fraction': 1.0, 'sheep_model': 'strombom', 'dog_controller': 'collect_drive', 'scenario_id': 'drive_to_goal', 'obs_mode': 'local_positions', 'observation_frequency': 1, 'noise_sigma': 0.0, 'communication': 'none', 'stubborn_fraction': 0.5, 'stubborn_rs_scale': 0.25, 'stubborn_response_scale': 0.25, 'cohesion_scale': 1.0, 'initial_layout': 'cluster', 'speed_scale': 1.0, 'failure_mode': 'none', 'failure_tick': -1, 'sensing_scale': 1.0, 'goal_mode': 'static', 'goal_velocity': [0.0, 0.0], 'latency': 0}",0.5,"n_sheep=40, n_shepherds=2, obs_mode=local_positions, stubborn_fraction=0.5","n_sheep=40, n_shepherds=2, obs_mode=local_positions, stubborn_fraction=0.5",5.917987519522195,1.0,40.0,196.0,344.3828172002708,0.3162265258747338,7.172618092635417,4.7760342223702805,22.786289922520155,7.172618092635417,46.80875231313598,5.917987519522195,85.94998413360027,46.80875231313598,0.46168357195690995,0.0,0.9152542166271487,0.46168357195690995,0.8621827411167511,0.075,1.0,0.8621827411167511,1.5076142131979695,0.0,19.0,1.5076142131979695,0.23239253707462598,196.0
