method,initial_layout,obs_mode,communication,n_sheep,n_shepherds,reliability,role
strombom_multi,compact,global,global_shared,100,1,1.0,reliability
strombom_multi,compact,global,global_shared,100,2,1.0,reliability
strombom_multi,compact,global,global_shared,200,1,1.0,reliability
strombom_multi,compact,global,global_shared,200,2,1.0,reliability
strombom_multi,compact,global,neighbour_broadcast,100,1,1.0,reliability
strombom_multi,compact,global,neighbour_broadcast,100,2,1.0,reliability
strombom_multi,compact,global,neighbour_broadcast,200,1,1.0,reliability
strombom_multi,compact,global,neighbour_broadcast,200,2,1.0,reliability
strombom_multi,compact,global,none,100,1,1.0,reliability
strombom_multi,compact,global,none,100,2,1.0,reliability
strombom_multi,compact,global,none,200,1,1.0,reliability
strombom_multi,compact,global,none,200,2,1.0,reliability
