method,initial_layout,obs_mode,sensing_range,n_sheep,n_shepherds,reliability,role
strombom_multi,compact,global,32.5,100,1,1.0,reliability
strombom_multi,compact,global,32.5,100,2,1.0,reliability
strombom_multi,compact,global,32.5,200,1,1.0,reliability
strombom_multi,compact,global,32.5,200,2,1.0,reliability
strombom_multi,compact,global,65.0,100,1,1.0,reliability
strombom_multi,compact,global,65.0,100,2,1.0,reliability
strombom_multi,compact,global,65.0,200,1,1.0,reliability
strombom_multi,compact,global,65.0,200,2,1.0,reliability
strombom_multi,compact,global,97.5,100,1,1.0,reliability
strombom_multi,compact,global,97.5,100,2,1.0,reliability
strombom_multi,compact,global,97.5,200,1,1.0,reliability
strombom_multi,compact,global,97.5,200,2,1.0,reliability
strombom_multi,compact,global,130.0,100,1,1.0,reliability
strombom_multi,compact,global,130.0,100,2,1.0,reliability
strombom_multi,compact,global,130.0,200,1,1.0,reliability
strombom_multi,compact,global,130.0,200,2,1.0,reliability
