feature,n_sheep,baseline,method,baseline_value,method_value,transfer_label
d_min,5.0,strombom_multi,kubo,2,3,shifted
d_min,10.0,strombom_multi,kubo,2,1,shifted
d_min,25.0,strombom_multi,kubo,1,1,shared
d_min,50.0,strombom_multi,kubo,1,1,shared
d_min,75.0,strombom_multi,kubo,1,1,shared
d_min,100.0,strombom_multi,kubo,1,1,shared
d_min,150.0,strombom_multi,kubo,1,1,shared
d_min,200.0,strombom_multi,kubo,1,1,shared
d_min,300.0,strombom_multi,kubo,1,1,shared
d_min,400.0,strombom_multi,kubo,1,1,shared
overcrowd,5.0,strombom_multi,kubo,,,absent
overcrowd,10.0,strombom_multi,kubo,,,absent
overcrowd,25.0,strombom_multi,kubo,,,absent
overcrowd,50.0,strombom_multi,kubo,,,absent
overcrowd,75.0,strombom_multi,kubo,,,absent
overcrowd,100.0,strombom_multi,kubo,,,absent
overcrowd,150.0,strombom_multi,kubo,,,absent
overcrowd,200.0,strombom_multi,kubo,,,absent
overcrowd,300.0,strombom_multi,kubo,,,absent
overcrowd,400.0,strombom_multi,kubo,,,absent
i_dir_signature,,strombom_multi,kubo,0.261464147747486,-0.0018854696882589974,absent
coverage_saturation,,strombom_multi,kubo,True,False,shifted
d_min,5.0,strombom_multi,fat,2,1.0,shifted
d_min,10.0,strombom_multi,fat,2,1.0,shifted
d_min,25.0,strombom_multi,fat,1,,absent
d_min,50.0,strombom_multi,fat,1,,absent
d_min,75.0,strombom_multi,fat,1,,absent
d_min,100.0,strombom_multi,fat,1,,absent
d_min,150.0,strombom_multi,fat,1,,absent
d_min,200.0,strombom_multi,fat,1,,absent
d_min,300.0,strombom_multi,fat,1,,absent
d_min,400.0,strombom_multi,fat,1,,absent
overcrowd,5.0,strombom_multi,fat,,,absent
overcrowd,10.0,strombom_multi,fat,,,absent
overcrowd,25.0,strombom_multi,fat,,,absent
overcrowd,50.0,strombom_multi,fat,,,absent
overcrowd,75.0,strombom_multi,fat,,,absent
overcrowd,100.0,strombom_multi,fat,,,absent
overcrowd,150.0,strombom_multi,fat,,,absent
overcrowd,200.0,strombom_multi,fat,,,absent
overcrowd,300.0,strombom_multi,fat,,,absent
overcrowd,400.0,strombom_multi,fat,,,absent
i_dir_signature,,strombom_multi,fat,0.261464147747486,-0.8678074971276444,shifted
coverage_saturation,,strombom_multi,fat,True,,shifted
