initial_layout,n_sheep,n_shepherds,reliability,median_effort,regime,d_min,d_overcrowd
compact,5,1,0.07407407407407407,1282.5,under_resourced_failure,2,
compact,5,2,1.0,335.0757209570848,efficient_operation,2,
compact,5,3,1.0,511.4691473973583,wasteful_overspend,2,
compact,5,4,1.0,687.96099349774,wasteful_overspend,2,
compact,5,6,1.0,1019.1231700365652,wasteful_overspend,2,
compact,5,10,1.0,1709.8755709534807,wasteful_overspend,2,
compact,5,15,1.0,2580.5522363231084,wasteful_overspend,2,
compact,5,20,1.0,3477.3739822492817,wasteful_overspend,2,
compact,5,25,1.0,4353.324183716168,wasteful_overspend,2,
compact,5,35,1.0,6224.585334413209,wasteful_overspend,2,
compact,10,1,0.24,5666.699549485117,under_resourced_failure,2,
compact,10,2,1.0,328.75622089181064,efficient_operation,2,
compact,10,3,1.0,501.70235790610536,wasteful_overspend,2,
compact,10,4,1.0,675.0504037821402,wasteful_overspend,2,
compact,10,6,1.0,1006.0734577300107,wasteful_overspend,2,
compact,10,10,1.0,1673.673070725094,wasteful_overspend,2,
compact,10,15,1.0,2519.742860871036,wasteful_overspend,2,
compact,10,20,1.0,3366.2773599791035,wasteful_overspend,2,
compact,10,25,1.0,4268.199503800433,wasteful_overspend,2,
compact,10,35,1.0,6084.844492325578,wasteful_overspend,2,
compact,25,1,1.0,163.4999999999999,efficient_operation,1,
compact,25,2,1.0,319.1675302091244,wasteful_overspend,1,
compact,25,3,1.0,486.88055315996746,wasteful_overspend,1,
compact,25,4,1.0,654.3163547348529,wasteful_overspend,1,
compact,25,6,1.0,966.8687365638382,wasteful_overspend,1,
compact,25,10,1.0,1626.0399388103797,wasteful_overspend,1,
compact,25,15,1.0,2439.5651817274465,wasteful_overspend,1,
compact,25,20,1.0,3251.320777327808,wasteful_overspend,1,
compact,25,25,1.0,4085.328661776888,wasteful_overspend,1,
compact,25,35,1.0,5830.648864428786,wasteful_overspend,1,
compact,50,1,1.0,157.49999999999977,efficient_operation,1,
compact,50,2,1.0,307.00969550461616,wasteful_overspend,1,
compact,50,3,1.0,466.9715189957607,wasteful_overspend,1,
compact,50,4,1.0,625.9633042488227,wasteful_overspend,1,
compact,50,6,1.0,939.1083852451795,wasteful_overspend,1,
compact,50,10,1.0,1559.589589870271,wasteful_overspend,1,
compact,50,15,1.0,2332.670203132581,wasteful_overspend,1,
compact,50,20,1.0,3116.4917840398057,wasteful_overspend,1,
compact,50,25,1.0,3901.592828278505,wasteful_overspend,1,
compact,50,35,1.0,5457.651440333049,wasteful_overspend,1,
compact,75,1,1.0,155.8911078292099,efficient_operation,1,
compact,75,2,1.0,299.8563770058116,wasteful_overspend,1,
compact,75,3,1.0,456.0982153579041,wasteful_overspend,1,
compact,75,4,1.0,608.6294994700883,wasteful_overspend,1,
compact,75,6,1.0,914.0671790965089,wasteful_overspend,1,
compact,75,10,1.0,1518.953847332502,wasteful_overspend,1,
compact,75,15,1.0,2283.619053375345,wasteful_overspend,1,
compact,75,20,1.0,3034.876720536812,wasteful_overspend,1,
compact,75,25,1.0,3801.0959282665704,wasteful_overspend,1,
compact,75,35,1.0,5327.9679641613875,wasteful_overspend,1,
compact,100,1,1.0,161.35167363755858,efficient_operation,1,
compact,100,2,1.0,299.0225539990977,wasteful_overspend,1,
compact,100,3,1.0,447.34735388177756,wasteful_overspend,1,
compact,100,4,1.0,599.0848484545934,wasteful_overspend,1,
compact,100,6,1.0,897.4912027337646,wasteful_overspend,1,
compact,100,10,1.0,1491.9113146077625,wasteful_overspend,1,
compact,100,15,1.0,2246.4883107442247,wasteful_overspend,1,
compact,100,20,1.0,2991.0307814721577,wasteful_overspend,1,
compact,100,25,1.0,3739.5241725689193,wasteful_overspend,1,
compact,100,35,1.0,5218.096164806044,wasteful_overspend,1,
compact,150,1,1.0,153.02725443107565,efficient_operation,1,
compact,150,2,1.0,285.2077487263481,wasteful_overspend,1,
compact,150,3,1.0,424.12979118327314,wasteful_overspend,1,
compact,150,4,1.0,565.9897784294983,wasteful_overspend,1,
compact,150,6,1.0,848.9033640018699,wasteful_overspend,1,
compact,150,10,1.0,1409.2393331051808,wasteful_overspend,1,
compact,150,15,1.0,2114.7991583380117,wasteful_overspend,1,
compact,150,20,1.0,2821.6565792388637,wasteful_overspend,1,
compact,150,25,1.0,3535.1752695363834,wasteful_overspend,1,
compact,150,35,1.0,4950.31306674808,wasteful_overspend,1,
compact,200,1,1.0,144.17124164542776,efficient_operation,1,
compact,200,2,1.0,268.53219493750373,wasteful_overspend,1,
compact,200,3,1.0,403.28135588200985,wasteful_overspend,1,
compact,200,4,1.0,537.4374322052261,wasteful_overspend,1,
compact,200,6,1.0,805.2256495221179,wasteful_overspend,1,
compact,200,10,1.0,1342.760458442116,wasteful_overspend,1,
compact,200,15,1.0,2011.5931211891914,wasteful_overspend,1,
compact,200,20,1.0,2683.8737135569104,wasteful_overspend,1,
compact,200,25,1.0,3360.3390599628992,wasteful_overspend,1,
compact,200,35,1.0,4704.721464997136,wasteful_overspend,1,
compact,300,1,1.0,130.81134639802144,efficient_operation,1,
compact,300,2,1.0,243.17263696950184,wasteful_overspend,1,
compact,300,3,1.0,366.385272689365,wasteful_overspend,1,
compact,300,4,1.0,486.9741651501612,wasteful_overspend,1,
compact,300,6,1.0,731.3300486335145,wasteful_overspend,1,
compact,300,10,1.0,1221.386660985455,wasteful_overspend,1,
compact,300,15,1.0,1834.6021350794706,wasteful_overspend,1,
compact,300,20,1.0,2441.5717968136773,wasteful_overspend,1,
compact,300,25,1.0,3050.2805040710177,wasteful_overspend,1,
compact,300,35,1.0,4257.236576440628,wasteful_overspend,1,
compact,400,1,1.0,119.83311309692806,efficient_operation,1,
compact,400,2,1.0,222.99630914611478,wasteful_overspend,1,
compact,400,3,1.0,336.46338629618145,wasteful_overspend,1,
compact,400,4,1.0,445.8066308112955,wasteful_overspend,1,
compact,400,6,1.0,672.9626521573513,wasteful_overspend,1,
compact,400,10,1.0,1116.6948553561447,wasteful_overspend,1,
compact,400,15,1.0,1679.6606455314413,wasteful_overspend,1,
compact,400,20,1.0,2241.332842371038,wasteful_overspend,1,
compact,400,25,1.0,2796.068449237564,wasteful_overspend,1,
compact,400,35,1.0,3923.3466495073685,wasteful_overspend,1,
