method,initial_layout,n_sheep,d_min,d_overcrowd,d_max,b_star_d,b_star_t,b_star_effort,hard_failure,rates
fat,compact,50,,,,,,,True,"{1: 0.43333333333333335, 2: 0.4666666666666667, 3: 0.36666666666666664, 4: 0.4666666666666667, 6: 0.26666666666666666, 10: 0.3333333333333333, 15: 0.4, 20: 0.3333333333333333, 25: 0.32, 35: 0.33}"
fat,compact,100,,,,,,,True,"{1: 0.3333333333333333, 2: 0.4, 3: 0.3333333333333333, 4: 0.26666666666666666, 6: 0.3, 10: 0.23333333333333334, 15: 0.3, 20: 0.3333333333333333, 25: 0.3, 35: 0.32}"
fat,compact,200,,,,,,,True,"{1: 0.36666666666666664, 2: 0.26666666666666666, 3: 0.16666666666666666, 4: 0.3, 6: 0.43333333333333335, 10: 0.4666666666666667, 15: 0.43333333333333335, 20: 0.3, 25: 0.39, 35: 0.27}"
fat,outlier_rich,50,,,,,,,True,"{1: 0.06666666666666667, 2: 0.03333333333333333, 3: 0.0, 4: 0.0, 6: 0.03333333333333333, 10: 0.1, 15: 0.06666666666666667, 20: 0.03333333333333333, 25: 0.05, 35: 0.06}"
fat,outlier_rich,100,,,,,,,True,"{1: 0.0, 2: 0.0, 3: 0.0, 4: 0.0, 6: 0.0, 10: 0.0, 15: 0.0, 20: 0.0, 25: 0.0, 35: 0.0}"
fat,outlier_rich,200,,,,,,,True,"{1: 0.0, 2: 0.0, 3: 0.0, 4: 0.0, 6: 0.0, 10: 0.0, 15: 0.0, 20: 0.0, 25: 0.0, 35: 0.0}"
fat,split,50,,,,,,,True,"{1: 0.4, 2: 0.4, 3: 0.3, 4: 0.3, 6: 0.43333333333333335, 10: 0.4, 15: 0.5, 20: 0.23333333333333334, 25: 0.36, 35: 0.43}"
fat,split,100,,,,,,,True,"{1: 0.3333333333333333, 2: 0.3333333333333333, 3: 0.4666666666666667, 4: 0.26666666666666666, 6: 0.3, 10: 0.3, 15: 0.3333333333333333, 20: 0.36666666666666664, 25: 0.32, 35: 0.36}"
fat,split,200,,,,,,,True,"{1: 0.26666666666666666, 2: 0.23333333333333334, 3: 0.3, 4: 0.4, 6: 0.4, 10: 0.26666666666666666, 15: 0.26666666666666666, 20: 0.3333333333333333, 25: 0.28, 35: 0.24}"
fat,wide,50,,,,,,,True,"{1: 0.0, 2: 0.0, 3: 0.0, 4: 0.0, 6: 0.0, 10: 0.0, 15: 0.0, 20: 0.0, 25: 0.0, 35: 0.0}"
fat,wide,100,,,,,,,True,"{1: 0.0, 2: 0.0, 3: 0.0, 4: 0.0, 6: 0.0, 10: 0.0, 15: 0.0, 20: 0.0, 25: 0.0, 35: 0.0}"
fat,wide,200,,,,,,,True,"{1: 0.0, 2: 0.0, 3: 0.0, 4: 0.0, 6: 0.0, 10: 0.0, 15: 0.0, 20: 0.0, 25: 0.0, 35: 0.0}"
kubo,compact,50,1.0,,35.0,1.0,10000.0,117.06740660853731,False,"{1: 1.0, 2: 1.0, 3: 1.0, 4: 1.0, 6: 1.0, 10: 1.0, 15: 1.0, 20: 1.0, 25: 1.0, 35: 1.0}"
kubo,compact,100,1.0,,35.0,1.0,10000.0,112.98757813493367,False,"{1: 1.0, 2: 1.0, 3: 1.0, 4: 1.0, 6: 1.0, 10: 1.0, 15: 1.0, 20: 1.0, 25: 1.0, 35: 1.0}"
kubo,compact,200,1.0,,35.0,1.0,10000.0,111.42843443794541,False,"{1: 1.0, 2: 1.0, 3: 1.0, 4: 1.0, 6: 1.0, 10: 1.0, 15: 1.0, 20: 1.0, 25: 1.0, 35: 1.0}"
kubo,outlier_rich,50,1.0,,35.0,1.0,10000.0,171.96724982025216,False,"{1: 1.0, 2: 1.0, 3: 1.0, 4: 1.0, 6: 1.0, 10: 1.0, 15: 1.0, 20: 1.0, 25: 1.0, 35: 1.0}"
kubo,outlier_rich,100,1.0,,35.0,1.0,10000.0,224.94925183229395,False,"{1: 1.0, 2: 1.0, 3: 1.0, 4: 1.0, 6: 1.0, 10: 1.0, 15: 1.0, 20: 1.0, 25: 1.0, 35: 1.0}"
kubo,outlier_rich,200,20.0,,35.0,20.0,10000.0,4905.797734311642,False,"{1: 0.745, 2: 0.855, 3: 0.835, 4: 0.86, 6: 0.89, 10: 0.875, 15: 0.855, 20: 0.935, 25: 0.91, 35: 0.9666666666666667}"
kubo,split,50,1.0,,35.0,1.0,10000.0,118.64461584152536,False,"{1: 1.0, 2: 1.0, 3: 1.0, 4: 1.0, 6: 1.0, 10: 1.0, 15: 1.0, 20: 1.0, 25: 1.0, 35: 1.0}"
kubo,split,100,1.0,,35.0,1.0,10000.0,115.09734491805516,False,"{1: 1.0, 2: 1.0, 3: 1.0, 4: 1.0, 6: 1.0, 10: 1.0, 15: 1.0, 20: 1.0, 25: 1.0, 35: 1.0}"
kubo,split,200,1.0,,35.0,1.0,10000.0,107.81948780015475,False,"{1: 1.0, 2: 1.0, 3: 1.0, 4: 1.0, 6: 1.0, 10: 1.0, 15: 1.0, 20: 1.0, 25: 1.0, 35: 1.0}"
kubo,wide,50,,,,,,,True,"{1: 0.2, 2: 0.36666666666666664, 3: 0.43333333333333335, 4: 0.3333333333333333, 6: 0.43333333333333335, 10: 0.43333333333333335, 15: 0.4, 20: 0.4, 25: 0.46, 35: 0.49}"
kubo,wide,100,,,,,,,True,"{1: 0.2, 2: 0.4, 3: 0.43333333333333335, 4: 0.4, 6: 0.4666666666666667, 10: 0.5, 15: 0.5, 20: 0.5333333333333333, 25: 0.53, 35: 0.54}"
kubo,wide,200,,,,,,,True,"{1: 0.26666666666666666, 2: 0.36666666666666664, 3: 0.43333333333333335, 4: 0.36666666666666664, 6: 0.43333333333333335, 10: 0.4, 15: 0.4666666666666667, 20: 0.43333333333333335, 25: 0.44, 35: 0.44}"
strombom_multi,compact,50,1.0,,35.0,1.0,10000.0,157.49999999999977,False,"{1: 1.0, 2: 1.0, 3: 1.0, 4: 1.0, 6: 1.0, 10: 1.0, 15: 1.0, 20: 1.0, 25: 1.0, 35: 1.0}"
strombom_multi,compact,100,1.0,,35.0,1.0,10000.0,161.35167363755858,False,"{1: 1.0, 2: 1.0, 3: 1.0, 4: 1.0, 6: 1.0, 10: 1.0, 15: 1.0, 20: 1.0, 25: 1.0, 35: 1.0}"
strombom_multi,compact,200,1.0,,35.0,1.0,10000.0,144.17124164542776,False,"{1: 1.0, 2: 1.0, 3: 1.0, 4: 1.0, 6: 1.0, 10: 1.0, 15: 1.0, 20: 1.0, 25: 1.0, 35: 1.0}"
strombom_multi,outlier_rich,50,1.0,,35.0,1.0,10000.0,209.24999999999994,False,"{1: 1.0, 2: 1.0, 3: 1.0, 4: 1.0, 6: 1.0, 10: 1.0, 15: 1.0, 20: 1.0, 25: 1.0, 35: 1.0}"
strombom_multi,outlier_rich,100,1.0,,35.0,1.0,10000.0,553.8718780756371,False,"{1: 1.0, 2: 1.0, 3: 1.0, 4: 1.0, 6: 1.0, 10: 1.0, 15: 1.0, 20: 1.0, 25: 1.0, 35: 1.0}"
strombom_multi,outlier_rich,200,1.0,,35.0,1.0,10000.0,1646.6909610899515,False,"{1: 1.0, 2: 1.0, 3: 1.0, 4: 1.0, 6: 1.0, 10: 1.0, 15: 1.0, 20: 1.0, 25: 1.0, 35: 1.0}"
strombom_multi,split,50,1.0,,35.0,1.0,10000.0,157.5,False,"{1: 1.0, 2: 1.0, 3: 1.0, 4: 1.0, 6: 1.0, 10: 1.0, 15: 1.0, 20: 1.0, 25: 1.0, 35: 1.0}"
strombom_multi,split,100,1.0,,35.0,1.0,10000.0,161.95821333206823,False,"{1: 1.0, 2: 1.0, 3: 1.0, 4: 1.0, 6: 1.0, 10: 1.0, 15: 1.0, 20: 1.0, 25: 1.0, 35: 1.0}"
strombom_multi,split,200,1.0,,35.0,1.0,10000.0,144.40420419240473,False,"{1: 1.0, 2: 1.0, 3: 1.0, 4: 1.0, 6: 1.0, 10: 1.0, 15: 1.0, 20: 1.0, 25: 1.0, 35: 1.0}"
strombom_multi,wide,50,1.0,,35.0,2.0,10000.0,2336.832941075605,False,"{1: 1.0, 2: 1.0, 3: 1.0, 4: 1.0, 6: 1.0, 10: 1.0, 15: 1.0, 20: 1.0, 25: 1.0, 35: 1.0}"
strombom_multi,wide,100,1.0,,35.0,2.0,10000.0,3003.1703685972398,False,"{1: 1.0, 2: 1.0, 3: 1.0, 4: 1.0, 6: 1.0, 10: 1.0, 15: 1.0, 20: 1.0, 25: 1.0, 35: 1.0}"
strombom_multi,wide,200,1.0,,35.0,2.0,10000.0,3693.6903356986063,False,"{1: 1.0, 2: 1.0, 3: 1.0, 4: 1.0, 6: 1.0, 10: 1.0, 15: 1.0, 20: 1.0, 25: 1.0, 35: 1.0}"
